movie_url,reviewer,rating,content,comment_time,sentiment
https://movie.douban.com/subject/1292052/,如小果,5.0,恐惧让你沦为囚犯，希望让你重获自由。——《肖申克的救赎》,2008-02-27 21:43:23,
https://movie.douban.com/subject/1292052/,犀牛,5.0,当年的奥斯卡颁奖礼上，被如日中天的《阿甘正传》掩盖了它的光彩，而随着时间的推移，这部电影在越来越多的人们心中的地位已超越了《阿甘》。每当现实令我疲惫得产生无力感，翻出这张碟，就重获力量。毫无疑问，本片位列男人必看的电影前三名！回顾那一段经典台词：“有的人的羽翼是如此光辉，即使世界上最黑暗的牢狱，也无法长久地将他围困！”,2005-10-28 00:28:07,
https://movie.douban.com/subject/1292052/,711|湯不餓,5.0,策划了19年的私奔……,2010-03-27 21:30:29,
https://movie.douban.com/subject/1292052/,艾小柯,5.0,关于希望最强有力的注释。,2006-06-20 03:18:55,
https://movie.douban.com/subject/1292052/,Eve|Classified,5.0,"“这是一部男人必看的电影。”人人都这么说。但单纯从性别区分，就会让这电影变狭隘。《肖申克的救赎》突破了男人电影的局限，通篇几乎充满令人难以置信的温馨基调，而电影里最伟大的主题是“希望”。
当我们无奈地遇到了如同肖申克一般囚禁了心灵自由的那种囹圄，我们是无奈的老布鲁克，灰心的瑞德，还是智慧的安迪？运用智慧，信任希望，并且勇敢面对恐惧心理，去打败它？
经典的电影之所以经典，因为他们都在做同一件事——让你从不同的角度来欣赏希望的美好。",2008-05-09 23:15:34,
https://movie.douban.com/subject/1292052/,寂地,5.0,"超级喜欢超级喜欢,不看的话人生不圆满.",2006-01-02 23:57:15,
https://movie.douban.com/subject/1292052/,葱,5.0,这样的男人谁会舍得背叛。。。,2012-05-28 22:57:42,
https://movie.douban.com/subject/1292052/,veronique,5.0,"一部没有爱情与美女的电影,却光芒四射",2006-06-15 18:56:18,
https://movie.douban.com/subject/1292052/,影志,5.0,"Fear Can Hold You Prisoner, Hope Can Set You Free",2006-02-04 05:58:22,
https://movie.douban.com/subject/1292052/,珍妮的肖像🦤,5.0,没有人会不喜欢吧！书和电影都好。,2006-11-13 08:41:13,
https://movie.douban.com/subject/1292052/,如是,5.0,还记得老brooks上吊自杀时心里有多难过。自由来的太晚，生命早已自行放弃。,2018-03-14 11:48:26,
https://movie.douban.com/subject/1292052/,朝暮雪,5.0,"当雷电劈开圣经扉页的刹那，污水管道的血污里开出了鸢尾花。那个墨西哥海岸的约定不是谎言，是囚徒用月光编织的绳梯，每个绳结都系着太平洋咸涩的潮汐。
有的鸟注定属于天空，有的琴弦永远颤动在休止符之外。安迪游向暴雨的姿态，像蝴蝶挣裂了琥珀的裹尸布。
当他撕开雨幕的瞬间，整个太平洋都听见了，人类心脏深处亘古回荡的潮声。
我们看见自己正从冰川纪的冻土里抽芽，而安迪的锤子，不过是春天叩击冻土的第一声心跳。
当狱警的枪声惊醒冬眠的蜥蜴，我们终于在肖申克的废墟里看见——所有镣铐都是水做的牢笼，而自由不过是场优雅的溺水。
真正的监狱从来不是有形的围墙，而是我们心中对体制的臣服。当我们学会在绝望中保持希望，在黑暗中寻找光明，就已经完成了精神的越狱。
原来，自由不在远方，而在每个人的心中。",2012-08-07 15:39:12,
https://movie.douban.com/subject/1292052/,私享史,5.0,"因为1994年台湾引进了一部比较卖座的老片The Sting，被错译成了《刺激》。到了1995年本片上映时，片商觉得其剧情与《刺激》有类似的地方（大概都属于高智商的复仇？），因此被译成了《刺激1995》，1998年又有一部片子Return To Paradise因为含有牢狱情节，被译成《刺激1998》！

说起来，自打高一时看过《肖申克的救赎》，男主角安迪的精神就持续影响着我，成为我价值观的一部分。那种持续不断给有关机构写信申请图书馆的精神，那种拒绝“忙着活，忙着死”的人生的精神，那种迫不得已作恶却良心不泯正义终彰的精神，那种享受生命中每一刻微小的美好的精神，那种在困境中梦想着远方有一小块属于自己乐土的精神，那种甘于平凡且活得自在的精神。一言以蔽之，那种属于“人性的光辉”的精神。",2005-10-08 14:35:04,
https://movie.douban.com/subject/1292052/,挽梦忆笙歌,5.0,一部没有女主，没有爱情，没有特技的好片子，也是很多大学英语老师喜欢放给学生看的片子，这部片子讲诉的就是一个很纯粹的故事，一次的救赎，换回了自由，也是一种信念驱使他这么做，这部片子是感人的，它也让很多人成长。,2018-01-13 11:21:05,
https://movie.douban.com/subject/1292052/,南笙,5.0,对不起，我戒酒了。,2012-01-06 23:02:43,
https://movie.douban.com/subject/1292720/,今天小熊不吃糖,5.0,羡慕珍妮，不管她多么叛逆、落魄、堕落，永远有阿甘在等她回来,2008-08-12 06:12:09,
https://movie.douban.com/subject/1292720/,陳,4.0,太甜美的美國夢,2009-01-04 00:08:27,
https://movie.douban.com/subject/1292720/,影志,5.0,妈妈说，生活就像一盒巧克力……请不要再续下一句，耳朵听的起了茧子。,2006-02-13 02:13:17,
https://movie.douban.com/subject/1292720/,林愈静,5.0,每年看一遍，每年哭一遍，看看自己幸福还是阿甘幸福！时间：从2003开始每年一遍,2006-04-21 21:00:17,
https://movie.douban.com/subject/1292720/,娜莉梦游仙境,5.0,傻人有傻福，实际上并不是这样的。在我看来，阿甘的妈妈才是最伟大的人。很多普通人把低智商的孩子早早就放弃了，不让上学，不与别人接触，也许是为了保护自己的孩子，但是这样以后孩子就等于废了……,2016-12-09 22:25:37,
https://movie.douban.com/subject/1292720/,大头绿豆,5.0,阿甘奔跑的意象，应该留在了很多人心里。,2005-09-11 14:13:53,
https://movie.douban.com/subject/1292720/,荞麦,5.0,重新再看一遍，觉得奥斯卡当年颁给《阿甘正传》而不是《肖申克的救赎》，还是对的……更广阔，经得起各种解读，每个人都能找到自己的点。,2012-07-01 16:07:52,
https://movie.douban.com/subject/1292720/,海心,5.0,you are my girl.,2008-01-08 16:46:09,
https://movie.douban.com/subject/1292720/,xjxiidjsns,5.0,Mama always said life was like a box of chocolates. You never know what you're gonna get.,2008-06-24 18:49:25,
https://movie.douban.com/subject/1292720/,亚比煞,4.0,他的十二支船，每一支都是她的名字。她走后，他只得跑遍世界的每一个湖泊和沙漠来思念她，只等她一声召唤便死心塌地的回到她的身边。好莱坞编造一个这么纯粹的故事，让我们看到我们所拥有的感情，是多么的残破不堪。这简直是残忍的，不道德的。,2008-06-16 09:25:37,
https://movie.douban.com/subject/1292720/,乔西,5.0,我生命里最温暖的一部电影,2009-09-05 03:18:08,
https://movie.douban.com/subject/1292720/,雨果,5.0,"这是一部美国典型的反智题材电影。聪明的人未必一定能成功。阿甘的智商极低，却情商极高。他一直怀着单纯的心，做了在别人眼里了不起的事，也尽力照顾身边的人。
成功充满必然与偶然。
人生就像是一盒巧克力。
最经典的两句台词",2016-11-20 19:08:09,
https://movie.douban.com/subject/1292720/,陈毓秀,5.0,这部电影的主题是：“保守主义始终代表美国先进生产力的发展要求，始终代表美国先进文化的前进方向，始终代表美国最广大人民的根本利益。”,2013-09-21 21:59:36,
https://movie.douban.com/subject/1292720/,眠去,5.0,人生就像一盒巧克力，你不知道会选中哪一颗。,2007-02-10 10:55:49,
https://movie.douban.com/subject/1292720/,办公室甜心,5.0,"十年前看过一遍，那时还是一个小屁孩，就像Forrest的妈妈说的一样，生活就像一盒巧克力，十年前的我绝对不会预料得到现在我会成为一个这样的大男生。Forrest Gump真是把""蠢萌""这两个字发挥到极致，我的意思是，蠢萌，其实也是上帝给予的天赋。",2011-12-14 23:03:55,
https://movie.douban.com/subject/1300374/,燕爷,5.0,天使也怕黑暗。,2011-01-22 13:21:28,
https://movie.douban.com/subject/1300374/,晨光荣耀,5.0,耶稣小传,2009-01-09 14:27:21,
https://movie.douban.com/subject/1300374/,蛋蛋,5.0,带着满脸的眼泪和鼻涕泡儿看完的,2008-05-30 13:17:04,
https://movie.douban.com/subject/1300374/,林||我们谈什么都像谈死！,4.0,“我累了，不想活了，真的，我不想再像孤雁一样，我不想再过没有朋友的日子，我希望有人能告诉我该何去何从，我不想再看到丑陋的人性，我不想在每日承担全世界的痛苦。”讲的是耶稣么？十字架变成了电椅。,2009-01-08 21:09:57,
https://movie.douban.com/subject/1300374/,Beryl,5.0,能把悬疑拍的好看我觉得有难度，虽然接近200分钟时长，但却不觉得冗长，值得回味的电影。,2017-03-13 18:28:17,
https://movie.douban.com/subject/1300374/,🦔lp99,5.0,虽然很长，但真的好看,2017-03-13 18:15:28,
https://movie.douban.com/subject/1300374/,醪糟鸭,5.0,"“我不想再像孤鸟一样单飞，我不想再过没有朋友的日子，我希望有人能告诉我该何去何从，我不想再看到人间的尔虞我诈，我不想每日再承担全世界的痛苦。世上的痛苦实在太多，像碎玻璃般无时无刻地刺痛我的脑袋。”
John就是坠落人间的天使，是绿里奇迹。他庞大的身躯给人十足的压迫感，他可以未卜先知，他可以去除疾病邪祟，就是这样一个身材魁梧，无所不能的人，也惧怕黑暗，会为了生命哭泣，他会捧起落叶，感受生命的芬芳和自然的力量，他也会向往自由的生活，笑得像个纯真的孩子。地狱空荡荡，魔鬼在人间，天使满心期待来到人间，触目皆是疮痍，遍体鳞伤地离去，却洒落滚烫星河，救赎着罪恶。",2021-06-02 00:23:24,
https://movie.douban.com/subject/1300374/,momo,1.0,我以为是犯罪悬疑片 结果特么一个小时后黑人手一抓就奇幻的治好了男主的尿道 我？？？？真的是满头黑人问号 原来是魔幻电影,2020-03-01 17:45:58,
https://movie.douban.com/subject/1300374/,火娃,5.0,9.0/10。1、魔幻现实主义的震撼力作！很幼稚，但电影院后两段还是忍不住失声了，三小时的监狱题材浑然不觉乏味。2、绿里奇迹：治尿道炎、复活老鼠、治脑癌、严惩杀童犯和配西...3、痛苦的死刑却一脉相承着《肖申克》的希望与救赎，“绿里”中的人们以不同以往的形式实现了各自生命的意义。,2013-09-14 12:42:00,
https://movie.douban.com/subject/1300374/,顗礼,5.0,最动人其实就是最后的那场电影，经历人间百态后痛苦无比的神之子却为“电影”本身所动容，这大概才是最大的“神迹”,2019-10-09 18:49:15,
https://movie.douban.com/subject/1300374/,鱼丸粗面,4.0,片子缺少一种关键的非现实渲染，让人感觉离奇得难以接受，但是仍然是一部好片子,2007-03-14 11:34:04,
https://movie.douban.com/subject/1300374/,阿吉娃娃,4.0,"故事性很强的传奇宗教寓言式电影。神爱世人，而世人却不理解这份爱。人类摧毁了神迹，而神却不忍让世人背负这罪名。1.【you can't hide whate's in your heart】2.【What happens in the Mile, always stays in the Mile. 】3.【If don't help,don't tell him.Ever.】4.【awful tired life.Dog-tired】",2012-08-19 13:52:38,
https://movie.douban.com/subject/1300374/,莱尼圆,5.0,披着奇幻外衣讲述善恶有果的故事，或许在斯蒂芬金的奇思妙想中，拥有异能、惩恶扬善、害怕黑暗的约翰咖啡，就是所谓的耶稣，借其上帝视角来表达对人间疾苦的博爱之心。影片的情绪从最初未知的恐惧神秘到最后潸然泪下的感天动地。死刑犯的绿色里程，直白的死亡恐惧中感受生命的力量，三段电刑过程越发地触目惊心。渡人也是渡己，尽其所能施善于人。影片虽长但节奏很棒，戏份颇多的小老鼠先生尤其让人难忘,2010-01-16 02:27:34,
https://movie.douban.com/subject/1300374/,十一伏特,5.0,三次治愈神迹，治隐疾、治老鼠、治癌症，效果由小而大。三场电椅死刑，第一次了解流程，无关感情；第二次由养老鼠共情，希望他不要死得那么痛苦；第三次明白真相，含泪执行一个无辜者的死刑。三个反派，关系户狱卒，变态狂死囚，还有世间人类的痛苦，前两个体可以消灭，可感受痛苦是活着时无法摆脱的，长久的孤独活着有时也会是种诅咒。不断建构起强有力的冲突，使得三小时片长有足够的吸引力和情绪感染力。一间小小的死刑牢狱之内，总共五六个狱卒、四五个囚犯，在等待死亡的有限时间里，讲述出的故事却如此神奇。,2022-06-25 19:25:24,
https://movie.douban.com/subject/1300374/,朝暮雪,4.0,汤姆·汉克斯版《肖申克的救赎》。,2012-11-02 23:10:43,
https://movie.douban.com/subject/10808442/,石墙,4.0,结婚快10年互相之间还有这么多话可讲，还有性生活，这他妈不是真爱是什么？,2017-03-22 03:15:10,
https://movie.douban.com/subject/10808442/,小捌,5.0,十八年后他们变成了相遇那天火车上喋喋不休争吵摔门的德国夫妇,2013-06-01 12:20:10,
https://movie.douban.com/subject/10808442/,影志,5.0,“我虽努力，却难于去亲近自己心爱的人”经历了平淡、争吵、否定、相濡以沫所有最真实的感情状态，18年过后，最难的是仍对彼此保有激情。上一次看到这么纯粹的爱情电影，还是九年前。伊桑朱莉理查请你们9年后准时回来，哪怕拍不动了、聊不起了、原地静坐90分钟，也好啊。期待2022年的第四部。,2013-07-17 00:10:27,
https://movie.douban.com/subject/10808442/,Obtson,4.0,作为Before的系列路，我终于在中年危机这里转了粉。Sunrise太甜，Sunset偏酸，只有Midnight酸甜苦辣都入了味。数度被台词戳中，我不得不一再提醒自己：那些只是台词，它们不是真的。,2014-01-09 18:41:34,
https://movie.douban.com/subject/10808442/,奶奶的熊,4.0,所以说想要长久地在一起，必须是有一方一直不厌烦地陪着做戏。,2013-08-14 16:38:23,
https://movie.douban.com/subject/10808442/,根,3.0,为什么要结婚为什么要生小孩为什么要毁掉自己的生活,2017-07-10 23:22:19,
https://movie.douban.com/subject/10808442/,精灵王,4.0,最后男主的对话让我感觉像吃了屎，就好像在告诉我，现实就是这样，就算出轨了也要原谅，我也不可能一直哄着你，接受就继续不接受就各走各的，女主选择咽下这口屎,2022-05-02 15:38:21,
https://movie.douban.com/subject/10808442/,如琢如磨蹭,4.0,是我太年轻还是怎么的，感觉结尾没收住。他确实和书店小姐上床了，可是他毫无悔意，还以为瑟琳也应该这样。这不是男人的自以为是虚伪自私是什么？所以他读信我也觉得怪恶心的。我真喜欢瑟琳啊，“我永远不会放弃希望”，说得真好。对比前两部，这部我并不想用更现实来形容，人到这个年纪，爱情已经不是全部了，所有的激情会被冲淡，但是瑟琳和杰西在注视落日太动人了，我情愿相信这世界上有爱情，没有一样爱情不是千疮百孔的，即使它再完美。我很难过，我觉得瑟琳只是算了，妥协了。两个人的状态真好，从同行的角度来说，他家在酒店吵架，瑟琳摔门而出的处理很低级，但也没有什么办法。复盘笑死，夫妻俩吵架阴阳怪气到极点，期待2022，希望还有。,2021-01-16 17:03:25,
https://movie.douban.com/subject/10808442/,蜉蝣,4.0,真好，你还能让我一次又一次的爱上。,2013-07-17 21:32:24,
https://movie.douban.com/subject/10808442/,远子,5.0,为了看第三部，特意重温了前两部。还把《恋人絮语》找出来读了下。期待第四部Before Death（爱在棺材盒盖时）……,2014-05-03 14:19:54,
https://movie.douban.com/subject/10808442/,桃桃林林,5.0,虽然之前的争吵真实得让人糟心，但结尾逐渐拉远的镜头仍让人感动。前两部的浪漫与激情都变成了书里的故事，这一部则完全生活下来。各种鸡毛蒜皮的琐事只是一个假设，关于如何让爱延续一生。生活中总会有这样那样的矛盾，人也会变老（比如半裸的朱莉·德尔佩却很难让你觉得性感）问题是我们如何挨过去。,2013-07-17 20:55:51,
https://movie.douban.com/subject/10808442/,deb,5.0,"""We appear and we disappear, and we're important to some, but we're just passing through. """,2013-05-27 08:41:31,
https://movie.douban.com/subject/10808442/,张熊熊,5.0,飞一般的超越，硬生生的被朱莉的嘴炮给弄哭了。。那些随口就能背诵莎士比亚台词的人们是多么的可恶啊！那些吃个下午茶都在谈哲学谈人生的人们是多么可憎啊！那些连夫妻吵架都引经据典的男女是多么可怕啊！对彼此来说我们多么重要，可最终还是过客，我失去你，不是以死亡为界，而是再一次。。再一次。。,2013-07-24 15:36:01,
https://movie.douban.com/subject/10808442/,漫步的Alice,3.0,只有我关注引发吵架的生活问题其实一个都没解决吗？,2019-12-21 20:39:45,
https://movie.douban.com/subject/10808442/,眠去,5.0,浪漫是浪漫，生活是生活。爱  是爱。这是三件事。它们相互不矛盾，不对立，它们只是，很难统筹兼得。（看到有恋人在我这条微薄里留言给另一半：“想在你拥有我的日子里，给你一个三者并包的人生。”默默地说，祝福你们！）,2013-07-13 22:21:15,
https://movie.douban.com/subject/1862151/,xjxiidjsns,5.0,中国最nb的片,2008-06-24 18:53:27,
https://movie.douban.com/subject/1862151/,易老邪,4.0,重温。别说，这片还真能经得住考验，也不是简单一句模仿盖里奇或多线叙事就能概括的。特别里面几组的人物都不仅仅是作为结构故事制造笑点等功能性的存在，而是几乎每位出场人物塑造的有头有尾性格鲜明紧扣主线笑果突出，还贴近生活反映现实，这就很难得了，在这方面石头其实做的比烟枪还要好点。,2007-11-02 06:33:57,
https://movie.douban.com/subject/1862151/,小耳朵图吗,3.0,像是中国版的两杆大烟枪。,2006-08-03 02:24:29,
https://movie.douban.com/subject/1862151/,理想多钱一斤啊,5.0,最可贵的一点是没把观众当傻子。国内电影都指着这样儿拍就行，嗯,2010-12-18 21:40:35,
https://movie.douban.com/subject/1862151/,文泽尔,5.0,学大烟枪学Snatch学得很足嘛..套了国风的外壳，很多内容（比如杀手的山寨货等等）也符合国情，就是画面欠点火候.黄渤为本片中最亮眼的配角.,2007-09-19 22:33:48,
https://movie.douban.com/subject/1862151/,Doublebitch,5.0,从这部开始爱上黄渤,2008-11-24 22:20:22,
https://movie.douban.com/subject/1862151/,高鹏,5.0,国内好电影,2006-07-09 01:18:10,
https://movie.douban.com/subject/1862151/,朝暮雪,5.0,虽然有《两杆大烟枪》的影子，但仍然是中国最优秀的多线叙事电影之一。,2013-11-19 00:21:35,
https://movie.douban.com/subject/1862151/,同志亦凡人中文站,4.0,先发散再收敛的网状叙事，难怪老外会看不懂。重庆话版太接地气了，简直笑死爹～～～～～～～～,2015-03-12 21:41:00,
https://movie.douban.com/subject/1862151/,elvita,5.0,真好玩,2006-07-14 10:26:20,
https://movie.douban.com/subject/1862151/,老鸡｜扶立,4.0,聪明的宁浩，能走多远？,2008-01-10 16:35:04,
https://movie.douban.com/subject/1862151/,美女菜kun,5.0,很精彩，算是里程碑式的作品，带火了同类型的各种电影好几年经久不衰,2017-01-05 09:30:00,
https://movie.douban.com/subject/1862151/,汝就做吾的犬吧,5.0,几乎07年所有的流行语都出自这一部电影,2008-06-08 13:19:33,
https://movie.douban.com/subject/1862151/,Kylin,4.0,不是那种冲着观众卖力吼着 笑啊 你笑啊 的电影 是实实在在的搞笑,2017-01-06 12:52:47,
https://movie.douban.com/subject/1862151/,桃桃林林,4.0,真大很有趣,2006-07-11 14:41:00,
https://movie.douban.com/subject/1293460/,周鱼,5.0,我曾无数次从《发条橙》、《AI》、《如果爱》、《WALLE》里看到对《雨中曲》的致敬 今日终于承认：这就是人类歌舞片的巅峰，超越《音乐之声》，秒杀一切，无与伦比。当然 刻画、节奏、布景等等有着非常多的毛病 还是搁置下来 好好看看吉恩凯利俘获美人心时的那副小样吧 这绝对是影史最珍贵的片段之一,2011-11-08 00:49:20,
https://movie.douban.com/subject/1293460/,光年‖影视歌三栖民工,4.0,老电影总是快乐得那么纯粹,2008-11-23 02:25:36,
https://movie.douban.com/subject/1293460/,○,5.0,美国歌舞片的代表作。Gene Kelly初获芳心后在雨中欢快地载歌载舞，此段情节堪称歌舞片历史上的永恒经典！我都不记得我把这段看过多少遍了。,2006-08-22 13:32:52,
https://movie.douban.com/subject/1293460/,影志,4.0,“从此以后，我只在乎一个影迷”、“你是我的歌，春夏秋冬”…于是以后，见到这样的路灯，就想扶着灯柱起舞。,2006-02-04 06:19:12,
https://movie.douban.com/subject/1293460/,橘猫爱吃鱼,4.0,大雨的夜晚，与戴比·雷诺兹分别后，男主角陷入捕获芳心的无比快乐中，索性收起雨伞，在雨中载歌载舞！,2018-01-13 16:25:47,
https://movie.douban.com/subject/1293460/,同志亦凡人中文站,5.0,不只是经典的歌舞片，还有好莱坞电影工业无声变有声的历史跃进。这也许就是我对《艺术家》始终无感的原因：看过了真迹，谁会喜欢一个仿造的赝品？那样的星光，那样的雨滴，哪怕再过几十年都会一直定格在我的脑海里...,2013-06-09 17:52:13,
https://movie.douban.com/subject/1293460/,喷子,5.0,最喜欢片头金凯利接受采访那段，讽的那叫一个犀利,2010-05-12 02:12:08,
https://movie.douban.com/subject/1293460/,沉歌,5.0,永远记得他在雨中高唱“I'm singing in the rain...... ”，一下雨就常常不由自主就哼起来。,2008-01-20 15:28:49,
https://movie.douban.com/subject/1293460/,流空破刃,4.0,几乎是最早的一批使用彩色胶片而非后期染色但又能有良好质感的彩色片。所谓的歌舞片之王，也……就那样了。,2010-07-17 21:40:27,
https://movie.douban.com/subject/1293460/,[己注销],4.0,（７／１０）很久以前从《杀手莱昂》里看到了雨中舞曲，经典不用多说了。不过如今来看，这片是不是对女二琳娜太刻薄了？前半部闹出误会后，男主完全没有劝女主向琳娜道歉，只是一味片面地指责琳娜。后半部虽然琳娜也有过错，但这是因为主角们不尊重她在先（没有询问过本人是否同意），才引来了琳娜激进的反应。从头到尾男主都只顾着吵架、完全不想讲理跟琳娜缓和矛盾……另外看了下百科，本片两个女主说话的声音，其实都是来自琳娜的演员简·哈根（但女一的歌曲大多是她亲自唱的）。,2020-05-20 00:45:52,
https://movie.douban.com/subject/1293460/,胤祥,5.0,除了那个多余的”百老汇旋律“的唱段，这部片儿简直完美啊。重看时发现剧作上有一处颇具匠心，片头唐讲述自己的从艺经历时的现实与故事的反差，结构性地提示了本片最重要的有声电影/配音的剧情。（不得不说那个音画不同步的梗实在太好玩了！）,2007-01-29 23:20:59,
https://movie.douban.com/subject/1293460/,老阿飞—故园,5.0,经典到无话可说,2006-01-08 17:42:22,
https://movie.douban.com/subject/1293460/,有心打扰,5.0,虽然下着大雨，心情却不潮湿，因为有她——  一个与彼此相爱的女子。漫步雨中，收起握在手中伞，在雨中尽情的欢唱与起舞。配乐满分，舞蹈满分。那些搞笑的舞蹈动作让人看着心情不自觉的轻松与愉悦起来。如果你伤心难过，如果你郁郁寡欢，如果你失落空虚，那么就在雨中高歌一曲吧。,2011-11-17 21:54:44,
https://movie.douban.com/subject/1293460/,战国客,5.0,歌舞片之王~~,2009-04-05 21:14:24,
https://movie.douban.com/subject/1293460/,圆首的秘书,5.0,这也太牛逼了，直接看傻了。牛逼之处不仅在于喜剧，在于歌舞，在于主配角的肢体表现力，更在于这部片子对默片衰落和明星、制片厂制度有着这么清晰的认识，对声音的出现到底如何改变表演系统、观影习惯和电影发展有着这么强烈的认知，这真的是现在人都拍不出来的！,2017-02-12 19:43:25,
https://movie.douban.com/subject/1292226/,思阳,5.0,这部片子有三个特征：1）看不懂 2）无数的符号 3）必须熟读尼采 4）六十年代能够做出这样的特效真的是惊天动地,2008-02-29 14:05:22,
https://movie.douban.com/subject/1292226/,地富反坏右,5.0,"首先你得忍者看完第一遍,觉得不知道在说什么;看了第二遍,觉得好像有点意思;看第三遍,知道原来这个电影讲述的是多个主题啊,看第四遍,觉得好像看懂了点什么;看了第五遍,啊,真他妈太牛了!这可是1968年的东西!",2008-07-14 10:28:08,
https://movie.douban.com/subject/1292226/,袁牧,5.0,这不是照着剧本拍的，而是曲谱,2009-12-19 22:34:59,
https://movie.douban.com/subject/1292226/,Kuba,5.0,这部是唯一一出让我彻底游离出剧情，却始终带着浓厚兴趣看完的电影，我相信库布里克偏执的工作态度操死了一批又一批特效制作人员,2009-12-21 01:30:50,
https://movie.douban.com/subject/1292226/,充蜜,5.0,那奄奄一息的机械生命执意要为我唱一首雏菊，有那么几秒温柔得不像话。,2008-12-27 18:20:35,
https://movie.douban.com/subject/1292226/,影志,5.0,李安评价自己最爱5部电影之一时说： “我非常崇拜库布里克，关于《2001太空漫游》我无法说清它究竟是一部怎样的电影，我当年第一次看这部影片时，它深深地吸引了我，那种感觉就像吃了迷幻药之后的幻觉经历。” 今天在资料馆大银幕体验，修复版让这种幻觉变本加厉，渗入到每一根神经。,2013-11-09 20:54:27,
https://movie.douban.com/subject/1292226/,彦夕,4.0,原作作者克拉克：“如果有人觉得完全弄懂了《太空漫游2001》在讲些什么，那一定是我和库布里克弄错了。”,2007-12-08 09:59:04,
https://movie.douban.com/subject/1292226/,桃桃林林,5.0,对我，这是恐怖片，源自童年对星空的恐惧，关于人类的渺小。,2006-09-12 14:12:47,
https://movie.douban.com/subject/1292226/,根,5.0,如果能在1968年看到这种电影，那游也要游到美国了吧,2017-05-10 23:11:40,
https://movie.douban.com/subject/1292226/,同志亦凡人中文站,5.0,牺牲了部分叙事节奏，但构筑起来的完整世界让人目瞪口呆。我觉得我要暴走了：这怎么可能是1968年的电影！！！这怎么可能是1968年的电影！！！它反科学反伦理啊！！！,2014-11-10 12:32:17,
https://movie.douban.com/subject/1292226/,NullPointer,5.0,这次看2001，库布里克穿越式的想像力提醒我，50年过去，人类技术并无本质上的进步：太空旅行和人工智能依然是前沿——而我们在这个前沿已经蹉跎了那么久。,2014-09-19 23:44:45,
https://movie.douban.com/subject/1292226/,Arch-Murder,5.0,相当牛逼。又闷又飞。颜色很怪也异常美。65分钟时钢铁怪兽一般的喘息令人不安、惶恐，几乎要把自己的呼吸频率调整至与其同步。。96分钟时电脑杀人的戏冷静、残忍，让我简直有点无法承受。而在120-125分钟时，长达5分钟的高潮光效极其飞！！而最后的星孩令人恐惧！68年的迷幻范儿，巨屌！,2009-12-15 04:18:34,
https://movie.douban.com/subject/1292226/,艾小柯,5.0,最伟大导演的最伟大影片,2006-06-23 00:44:59,
https://movie.douban.com/subject/1292226/,芦哲峰,5.0,人对宇宙的想象力，到此为止。最后半个小时，美到癫狂。本片让我对电影产生敬畏之心。有生之年，不会有任何一部电影能够超越此片。,2008-11-10 10:01:13,
https://movie.douban.com/subject/1292226/,Lan~die,5.0,现代科幻电影的开山之作，文明进化的哲学片，史诗里的史诗。人类的渺小与广袤的宇宙相对比，更加深了我们对于自身命运的思考。当华彩乐章奏响的时候，生命的思维在没有起点，没有终点的宇宙里漫游，伸向无限的未知，探索那终极的意义。伟大的电影不朽，伟大的Kubrick不朽。,2006-10-07 11:14:16,
https://movie.douban.com/subject/25895901/,芦哲峰,5.0,我爱这温暖治愈的四姐妹，像爱我用心写过的四首诗。,2015-12-31 10:35:49,
https://movie.douban.com/subject/25895901/,木卫二,5.0,把绫濑遥、长泽雅美、夏帆拍得美，是一件太简单的事——譬如开头。但在多数时候，是枝裕和故意让她们显得没有那么美，与那座老房子和日常事物紧密粘合。一花一世界，一木一浮生。反正打开二十秒，后面就停不下来，不想快进不想暂停更不会想关掉。说很平淡很无聊的，开什么国际玩笑啊。,2015-12-17 10:19:59,
https://movie.douban.com/subject/25895901/,伍德与夏洛蒂,5.0,是枝裕和永远我的菜啊，暖暖慢慢的，有点悲伤有点小高潮却不会改变太多，摄影台词配乐节奏都扎实的要命，没见过写异母姐妹写的这么棒的，夏帆的咖喱，MA酱的长腿啤酒，奶遥的情妇轮回与母性逆转，当然还有小妹，那个最像成人的人，看得人数次落泪。#戛纳电影节#,2015-06-29 16:54:15,
https://movie.douban.com/subject/25895901/,我是大皮哥,4.0,“有些电影惊心动魄是在提醒你它是部电影，而有些电影平平淡淡是在告诉你这是生活。”,2015-12-19 15:29:32,
https://movie.douban.com/subject/25895901/,叶酱,4.0,总觉得一种日式情趣压倒了电影本身,2015-12-22 23:59:31,
https://movie.douban.com/subject/25895901/,LeungChanXXX,4.0,是枝裕和依旧干净细腻的日常化风格。仲夏，烟火，梅子酒，沙丁鱼，贴窗花的推拉门，四人的暖炉桌，樱花汇成的隧道，火车经过的小镇，梅雨时节走过的阶梯，沙滩上的脚印，最后所有温柔隽永的情感都堆积成随着海风轻轻拍打过来的海浪。真想也这样过好自己的生活。,2015-12-16 20:50:36,
https://movie.douban.com/subject/25895901/,xxhhcc,5.0,不能以过去的眼光去看是枝裕和了，发行从艺术院线到东宝，五十多岁的是枝裕和才第一次拍摄人气女优主演映画，一来还是四个，“压力”确实不小。电影虽然剧本和剪辑上都有些问题，但“女优美，长腿美，镰仓美，日料美，生活美”可以掩盖了这些问题。四姐妹几乎都完成了自己最好的表演，年度推荐！,2015-06-13 23:47:48,
https://movie.douban.com/subject/25895901/,文森特九六,5.0,平庸？！远了的先不说，就是和被捧上天的上一部《如父如子》比，这部也明明更有味道，根本舍不得它结束。年度十佳,2015-12-16 23:28:20,
https://movie.douban.com/subject/25895901/,刘康康,5.0,一开始以为是个《饮食男女》式的故事，尤其是两部电影的三姐妹还真有点性格的对应性。但看到后来，我认为这部电影的主题其实根本不是讲家庭，而是讲时间的绵延。外婆酿下的梅子酒、外公种下的梅子树、外婆的咖喱鱼饼、浴衣上外婆的味道、海猫食堂的竹荚鱼菜谱、爸爸的沙丁鱼盖饭，人对于绵延的感知，往往就是依靠于这些穿透了时间的味道、气味。人都会长大、都会老去、都会死亡，再漂亮的美女也会成为五十岁的老太婆，再温馨的房子也有人去楼空的一天。但因为我们还能感知到这种时间的绵延，所以人生才没那么孤独和冰冷。,2020-09-11 00:16:02,
https://movie.douban.com/subject/25895901/,影志,4.0,“活着的东西都是很费工夫的” 淡淡的日本家庭片。只需微笑和淡然，便可解开心结。,2016-01-03 18:27:07,
https://movie.douban.com/subject/25895901/,桃桃林林,4.0,简单、干净、温暖、治愈，海边的风与阳光，又一部是枝裕和亲情剧。难得的大牌云集，虽然在导演最近几部作品里，算平庸的，却也足够感人与回味，何况，还有一群养眼的妹子,2015-12-16 14:48:12,
https://movie.douban.com/subject/25895901/,米粒,4.0,“生活中的人来来又去去，自己的日子还是要一步一步走”，处于道德困境中的普通人，要如何通过和家人的沟通达成和解，大约是所有是枝裕和电影的主题。电影始于葬礼，终于葬礼，却感觉不到悲伤，如绫濑遥的笑容，安定又给人希望。剧作为了面面俱到，说得很“圆”，所以可能有点刻意,2015-05-14 14:07:17,
https://movie.douban.com/subject/25895901/,亵渎电影,4.0,镰仓，小镇，海，房子，家，食物，四姐妹，是亲情和生活的美好。有死亡，有别离，有苦乐参半的记忆，四季的风景轮回，小镇的生活点滴，食物是生活的态度，吃就是活着的一部分，很温暖，很治愈，是枝裕和导演越发有大师风范了，这个世界上也只有日本导演可以拍出这么细腻美好的家庭剧。★★★★,2015-12-16 13:33:57,
https://movie.douban.com/subject/25895901/,赫恩曼尼,4.0,日本的电影总是这么安安静静的，就把一个稀松平常的故事讲得动人。铃子真美。时常遗憾自己没有过那么美丽的15岁，能和朋友在船上看烟花，在喜欢的人的自行车后座上穿过樱花隧道，和一群爱自己的姐姐生活，喝着梅子酒，把脚印留在沙滩上。我的15岁，只有无穷无尽的习题和几乎把人压垮的考试。,2016-08-03 21:32:10,
https://movie.douban.com/subject/25895901/,朝暮雪,4.0,爸爸是何方神圣，生的4个女儿颜值都那么高。,2018-07-17 23:15:36,
https://movie.douban.com/subject/1291585/,握不住的灵魂,4.0,“我希望再活30年。我想看到大海淹没东京，NTV的电视塔成为孤岛。我想看到曼哈顿成为水下之城……我对这一切感到兴奋。金钱和欲望，所有这一切将会走向崩溃，所有这一切将被绿色的杂草接管。” ————宫崎骏,2011-06-29 21:30:39,
https://movie.douban.com/subject/1291585/,莫呼洛迦-屁股上的青春在歌唱,4.0,〔三刷〕宮崎駿真是早早就把這個世界看透了。人類中心主義，容不得自己定義為「不好」的物種，即便這些物種只是因為人類的傲慢和愚蠢誤解了牠們；國家沙文主義不斷地通過殺戮和戰爭來擴張自己的版圖和思想，哪怕侵略和佔有這些領土只是為了滿足自己的虛榮心、要付出慘痛的代價，也在所不惜。我想來想去都想不明白，人類社會發展了幾百上千年，不論表現得再文明，骨子裡的傲慢和野蠻還是拿不掉，只是表現形式隨著科技的發展稍有不同。這真的令人感到難過。,2010-10-01 22:24:20,
https://movie.douban.com/subject/1291585/,Kaito,5.0,在此我们可以见到比卡丘的渊源，可以看到Spike飞船的渊源，可以看到虫师的渊源，也可以看到诸多动画人因此崛起的渊源。,2009-12-13 09:35:09,
https://movie.douban.com/subject/1291585/,寂地,5.0,"当女主角在黄金之海上复活的时候,我那发达的泪腺又西里哗啦了..",2006-01-02 14:58:47,
https://movie.douban.com/subject/1291585/,匡轶歌,5.0,腐海、废土、超级细菌、瘴气、口罩、防毒面罩……想不到吧，一部上世纪80年代的末世寓言，放在2020年重刷，竟如此应景。从技术层面讲，它的声效是简陋的，绘画方面也不如后期的吉卜力那么细腻成熟，但36年过去了，它的内核并未过时，反而显示了更远的前瞻性。,2020-05-13 18:27:56,
https://movie.douban.com/subject/1291585/,在冬夜一个肥人,5.0,娜乌西卡是宫崎骏笔下我最喜欢的女性角色。在风之谷，作为一名不需要异性陪伴，完全独立的女性。对娜乌西卡是否过于“圣母”，甚至说背叛人类的讨论一直没有结束。在我看来，这是善良，以及寻求事物真相的勇气，坚持自己观点的决绝，面对森林、巨虫等危险没有表现出任何恐惧，她或许是宫崎骏对于自己厌恶人类热爱自然情感的表现。她的自主与无畏让人印象深刻，比起网络上打着平权名号谋求特权私利的杂碎，以及被这些字眼冲昏头脑，盲目的追随者，娜乌西卡和她的作者宫崎骏才是真正的女权斗士,2021-02-08 15:20:08,
https://movie.douban.com/subject/1291585/,蕊蕊,4.0,宫崎骏的主角为什么都是女生==,2008-08-03 12:07:06,
https://movie.douban.com/subject/1291585/,胤祥,5.0,宫崎骏的起点如此之高。略有烂尾之嫌，世界观、画风、情节都很赞。可以看看其中的运动镜头，尤其是对飞行的表现。这个主题之前手冢治虫讨论过。另外久石让的配乐怎么听得那么耳熟，这一部好像《花火》……,2011-04-05 06:59:02,
https://movie.douban.com/subject/1291585/,Yolanda,5.0,泪了，她复活的时候。,2006-12-17 18:33:17,
https://movie.douban.com/subject/1291585/,布宜諾斯,4.0,年纪越大，越容易对真善美消化不良,2012-08-23 13:40:22,
https://movie.douban.com/subject/1291585/,有心打扰,4.0,相当和谐的主题和世界观，经济与环境的矛盾、保护与破坏的冲突，人类将会走向什么未来？世界末日来临之前，大自然的绿色仍旧在为地球付出，为人类服务。当娜乌西卡公主在黄金色的草原上时，我感动死了...久石让的配乐部部很赞。,2012-01-28 20:22:08,
https://movie.douban.com/subject/1291585/,爱幻想的小孩,5.0,大师的第一部作品总是这样惊艳。虽然结尾有点俗而且女主太白莲花，但是最爱宫崎骏片子里勇敢坚强善良的女性形象，让现在的商业大片都感到羞愧。“反派”都是有自己信仰的立体的人，而不是为了坏而坏。真正作恶的还是人类自己。,2015-05-23 00:04:48,
https://movie.douban.com/subject/1291585/,星尘战场,5.0,宫崎骏最爱。动画片的圣经,2007-02-17 17:13:23,
https://movie.douban.com/subject/1291585/,[己注销],4.0,（９／１０）娜乌西卡真的是一个非常有魅力的女主角，她可以冒险救人，面对敌军入侵可以沉着地指挥民众，风之谷被占领时可以保护民众冷静选择投降，可以在战火中保持住自己的底线，可以给落难的伙伴提供救援帮助，面对女将军恩将仇报的枪口可以冷静应对，可以亲临枪林弹雨执行自己的理念，更可以为了保护家乡舍身取义……宫崎骏镜头下的女主角，从来不是男性的陪衬，她们的魅力一直是超越性别的，日本动漫自从后宫片泛滥起来后，就很少出现这类女主角了。在如今的日本动漫界，如果一个女生足够勇敢、坚强、独立、甚至只是留个短发或者打扮中性……那么她在故事中就注定被安排为男角和“女神”的陪衬、沦为男主的后宫和备胎。而有些女主表面上很强大，但却要足够挑逗、要卖胸、要卖白腿……总之要成为宅男喜好的舞刀弄枪的“老婆”，这样才能让宅男付款。,2009-12-03 23:46:19,
https://movie.douban.com/subject/1291585/,米粒,5.0,宫崎骏镜头下的美都是最自然、原始、野性的。设定大胆，配乐大气，可惜影院放的是英文吹替版= =。。。【豆瓣的大家！为什么都在讨论娜乌西卡有没有穿内裤呢！。。。,2012-12-07 09:38:45,
https://movie.douban.com/subject/1292208/,[己注销],4.0,（8/10）影片最后杀死主角的那群熊孩子的演员，此后他们真的成了黑社会………………………………………………………………………,2013-11-01 23:55:28,
https://movie.douban.com/subject/1292208/,同志亦凡人中文站,4.0,不只枪支，摄影也可以改变命运。血腥暴力、丛林法则以及完全不会出现在明信片上的里约。剪辑酣畅淋漓得像桑巴舞曲。据说奥运期间巴西政府对贫民窟的做法是建堵高墙眼不见为净，我...,2016-08-05 04:09:27,
https://movie.douban.com/subject/1292208/,润物,4.0,一部震撼人心的电影。是的，这部电影带给人的冲击力之大难以用语言来形容，首先导演的水平很高，拍摄手法和剪辑方式都相当前卫，配乐也是和主题形成了巨大的反差效果，故事越是残酷音乐越是奔放，里约热内卢的贫民窟，世界上最接近地狱的地方，电影真实地还原了那里发生的一切，从孩子开始，无法无天。,2013-10-11 00:53:27,
https://movie.douban.com/subject/1292208/,吴花果,3.0,"冗长,杂乱",2006-08-11 02:43:29,
https://movie.douban.com/subject/1292208/,September,5.0,脸盲症发作，愣是20分钟才把人脸分清。,2010-12-15 21:05:49,
https://movie.douban.com/subject/1292208/,砚小朵™,4.0,我现在看啥都是鸡汤。在这种荒诞、粗砺的虎狼之地中过活，结果活的生机勃勃自得其乐，旺盛的生命力，天生的钝感力，皮糙肉厚，从不忧郁。,2016-08-21 23:11:53,
https://movie.douban.com/subject/1292208/,老鸡｜扶立,5.0,看过巴西，才知道我国多么安定……,2008-01-10 17:16:05,
https://movie.douban.com/subject/1292208/,A-sun*,4.0,这配乐这镜头！！！！,2010-07-01 20:44:20,
https://movie.douban.com/subject/1292208/,战国客,5.0,史上最强剪辑，《低俗小说》遇上它也要甘拜下风！第一次接触巴西电影，就让我着实惊叹了一大下~~,2007-06-24 10:36:24,
https://movie.douban.com/subject/1292208/,Bigteeth,5.0,评论这部电影是可耻的,2007-08-26 22:41:52,
https://movie.douban.com/subject/1292208/,欢乐分裂,4.0,"4.5；视听太炫技了——长镜穿过被主遗忘的贫民窟，手持寓意的混乱无序动荡（用得如此贴合），分屏中的剧情浓度，华丽剪辑居功至伟（高效剪出一个体量极大的关系网，其高速感与整体基调极为契合，堪称模板剪辑），配乐简直分分钟都击到心尖（班尼欢送会那段看得目瞪口呆，灯光穿过乐声在死亡降临处静止，绝妙的处理啊），多线叙事的交织出厚重文本（叙事闭合成就完满）。
看这样一部片很难不满足，几乎癫狂的暴力中竟还掺有黑色幽默的成分，细思全是悚然；一个笼罩在冤冤相报罪行怪圈中的无主之地，众线交叠的正是曾怀有良知微光的普通人如何踏入残酷火并，懵懂孩童如何以枪杀毒品标榜男性雄风；结尾更是惊心——小霸王倒下，然而会有更多造反后浪雨后春笋，cue到某卫/bing吓一跳。",2021-05-17 11:34:29,
https://movie.douban.com/subject/1292208/,城南草木生,5.0,可是我们的困难无关紧要，在里约热内卢的风景明信片上，是不可能看到我们的,2009-11-10 17:29:12,
https://movie.douban.com/subject/1292208/,Q。,5.0,“被上帝抛弃了的上帝之城”一个除了偷窃，强奸、走私、贩毒、杀人、抢劫无处不在的城市，因为这里无需偷窃，而犯罪的几乎都是未成年的孩子，这里是真正的地狱和人性泯灭的地方。高超的剪辑、丰富的剧情、合适的配乐组成一部十分优秀的影片，更加让人震撼的是这部影片是根据真实故事改编。★★★★★,2010-12-08 20:59:19,
https://movie.douban.com/subject/1292208/,LORENZO 洛伦佐,4.0,暴力枪战、高速剪辑、晃镜、多画面以及各种无序感。看来很震撼的一部电影，故事讲述的方式颇具传奇色彩。巴西荣升心目中民风彪悍第一圣地。,2011-04-22 04:09:34,
https://movie.douban.com/subject/1292208/,海心,4.0,真暴力，真真实，真残忍，真可悲。,2009-04-03 20:58:13,
https://movie.douban.com/subject/25917973/,影志,5.0,“有些事，非得问出来？不问就是压在他心头，压一辈子；一旦问出来了，这石头就是压在你心头了” 赞叙事结构，过去跟现在将来混合，多人视角交叉重叠连锁反应，最后完美衔接…没有一个多余情节，荒诞讽刺，千奇百巧，抽丝剥茧，百转千回。2015《大象》《全民目击》，超过《烈日》《吾先生》年度最佳。,2015-07-31 18:37:27,
https://movie.douban.com/subject/25917973/,阿茶,5.0,国产犯罪片越来越好。「烈日灼心」力道够了，然剧本硬伤太重。「心迷宫」的剧本真是惊喜。如此群戏能这样流畅地自圆，已实属不易；时间线打散却又让观众能轻易缕清而不显杂乱无章，确是匠心别具地精巧。开场即惊艳；结尾父子对峙戏太棒。当然，为过审加上的那行字幕让人出戏，不过相信以后会更好。,2015-10-16 16:15:29,
https://movie.douban.com/subject/25917973/,老晃,3.0,看了忻钰坤处女作《殡棺》，惊喜！从容缜密，会讲故事。看片名，容易误以为是闷蛋文艺片，其实是无巧不成书的三段式“乡村怪尸案”。成本太低，演员略逊，但也带来了陌生的乐趣。和拍《光棍儿》《美姐》的郝杰一样，忻钰坤，绝对有实力执导更大制作的类型片。这种会讲爱讲故事的年轻导演，是稀缺资源。,2014-08-05 18:43:54,
https://movie.douban.com/subject/25917973/,熊阿姨,5.0,放冰箱那个红色塑料袋到底是干啥的？,2015-10-28 23:42:51,
https://movie.douban.com/subject/25917973/,Indecent time,5.0,世上本无人，有了谎言，猴就成了人：不要用怀孕骗人，不要找小三，拉屎不要接手机，不要赌博，不要用“爱”干涉子女幸福，最重要的是，不要相信国产片尾的字幕——朱自清,2015-10-22 13:43:18,
https://movie.douban.com/subject/25917973/,翻滚吧！蛋堡,5.0,诺兰结构科恩风格本土叙事，五星鼓励,2014-11-03 18:05:51,
https://movie.douban.com/subject/25917973/,心生,5.0,9分！在体制下以极低成本拍出这样一部院线电影，看完心里有一种冷静的热血沸腾！主要手法上其实就是我们见多了的多线索叙事，特别之处在于它能以一个原生的中国乡村故事去挖掘人性。细节的埋设，故事线索的编排，都基本完满通顺，有想法有落实，实在可贵！,2015-10-17 14:28:09,
https://movie.douban.com/subject/25917973/,mia,5.0,电影一面倒的好评过后开始有了些相反的声音。这都正常。但是作为一个真心爱电影的人，没有必要为了显示自己与众不同而对于这样一部电影吝啬溢美之词。看到知乎上的一个评论深以为然，这部电影所有的缺点都是用钱可以解决的，而所有的优点都是有钱也买不来的。15年最佳国产电影，没有之一。9分。,2015-10-19 19:06:45,
https://movie.douban.com/subject/25917973/,keke,5.0,环环相扣的粗制处女作，小成本却显得格外真实。可现今佳作无排片，烂片满街跑，外国的流水线好唱戏，一大乱象，罢了罢了。,2015-10-20 13:55:23,
https://movie.douban.com/subject/25917973/,桃桃林林,4.0,作为一部小成本处女作，这是一部值得鼓励和需要鼓励的好电影。主要好在剧本方面，多视角拼图叙事，缓缓揭开一个环环相扣的农村题材罪案故事。并以此去照出每个人心中的恶与自私。整个片子剧作结构与剧情设定都很巧。只可惜，因为制作成本过低，制作水平还是略粗糙。其实可以更好。,2015-10-17 21:51:00,
https://movie.douban.com/subject/25917973/,美的让人犯罪,5.0,我们什么时候才能不在片尾打上字幕结局,2021-05-01 18:14:14,
https://movie.douban.com/subject/25917973/,LORENZO 洛伦佐,5.0,太棒，如果拿这部去申奥，就有希望了。如果最后结尾能在父子相视收住，就更美了。国产片之光。,2015-12-25 06:10:42,
https://movie.douban.com/subject/25917973/,书北不想起名字,5.0,"忤逆父权的儿子，为一块奖章自首；无私为民的村长，因一具尸体染污。软骨头的情人和家暴的瘸子，原是一丘之貉；暴脾气的孕妇与苦熬的村姑，终究母女同心。第二次才接起的电话，在腌臜的温柔乡外要了命；赔进性命也戒不掉的赌瘾，才是真正治不好的病。
诺兰结构科恩风格本土叙事，一个好故事胜过万语千言。",2021-07-21 20:03:56,
https://movie.douban.com/subject/25917973/,朝暮雪,5.0,多线叙事，环环相扣，每个人都脱不开关系。把每个人物、细节运用到了极致，华语片巅峰之作。,2015-10-16 16:39:53,
https://movie.douban.com/subject/25917973/,黄青蕉,5.0,肥肠好，不是鼓励性五星，是实打实的五星。后半段渐入佳境，笑声不断，然而真的真的不是一部喜剧片。导演一点要搞笑的意思都没有，但就是，怎么说呢，这大概就是传说中的黑色幽默吧。,2015-10-27 21:46:47,
https://movie.douban.com/subject/1297574/,徒然曜日,,为人当如小马哥,2010-10-13 21:29:53,
https://movie.douban.com/subject/1297574/,西楼尘,3.0,拖着瘸腿在地上拾捡钞票，小马哥没了披着风衣的飒爽；戴着警徽去码头只身擒贼，宋子杰少了抱琴赴考的清澈。一夕之间，江湖还在，却只剩传说。那些枪口下的义气、刀尖上的锋芒，隐忍不说。粤语重映的银幕上，曾经的他们多潇洒。故事里的江湖天翻地覆，现实里的人生也各自寥落，唯有歌声与胶片曾经记得。,2017-11-20 11:34:38,
https://movie.douban.com/subject/1297574/,反引力疯子,5.0,有几个镜头里，龙哥会发光,2010-04-05 22:09:02,
https://movie.douban.com/subject/1297574/,战国客,5.0,香港黑帮电影的代表作！小马哥，那是一个神的样子~~,2007-06-24 10:20:57,
https://movie.douban.com/subject/1297574/,陌聆,4.0,Leslie这个萌娃。据说有次Leslie在电影院看午夜场，他跟盆友说：要死了，观众那麼喜欢发仔，而我却是个要抓发仔和我哥哥的警察。 第二部的时候，他开森的说：这回有人同情我了。看我演得多好！我的妻子怀孕生子时，我死佐~,2012-09-19 22:00:05,
https://movie.douban.com/subject/1297574/,Lan~die,4.0,"警匪片里难得的作者电影。“你没有欠什么，我从来不会逼朋友去做不想做的事，我有我自己的原则，我不想一辈子被人踩在脚下，你以为我是臭要饭的，我等了三年，就是要等一个机会，我要争一口气，不是想证明我了不起；我是要告诉人家，我失去的东西一定要拿回来！”
“我警告你，不要用枪指着我的头！”",2008-09-05 15:40:08,
https://movie.douban.com/subject/1297574/,趙小漁,5.0,我親愛的小馬哥，時至今日你讓我感嘆英雄遲暮更是種折磨……,2008-05-08 22:22:29,
https://movie.douban.com/subject/1297574/,达不溜博士,4.0,能够把握住自己命运的人，就是神,2010-09-11 12:08:23,
https://movie.douban.com/subject/1297574/,齊克斯尼力佐飛,4.0,“杰仔，你冇错到，我地大家行嘅路唔同，你行嘅路系啱架，以前我行错咗，宜家行翻啱，都唔算太迟。”这句真感动。如果把兄弟情都看成基情，这真的挺可悲的。,2011-11-08 23:33:17,
https://movie.douban.com/subject/1297574/,舒农,3.0,80年代港片就真的是，小时候只要没看，现在看就觉得很一般......,2019-05-02 03:04:16,
https://movie.douban.com/subject/1297574/,王小邪,5.0,"英雄泪短,兄弟情长",2008-02-04 00:49:46,
https://movie.douban.com/subject/1297574/,香水瓶,5.0,三个男人的戏，打得太精彩太经典了！ 2023.4.2 今天看了4K粤语版，这次发现“不如我们重头来过”小马哥也这么对宋子豪说。,2006-04-27 23:23:39,
https://movie.douban.com/subject/1297574/,失意的孩子,5.0,9.3 “《英雄本色》触及男人的父子情、兄弟情、朋友情、男女情、冤屈受害之情与报仇雪恨之情，堪称多情而善感之作。”侠肝义胆，豪情万丈，句句金言，幕幕动人，子弹芭蕾，暴力美学，义薄云天，热血沸腾。,2014-08-30 00:04:10,
https://movie.douban.com/subject/1297574/,影志,4.0,“做人有原则，就什么都不怕。” 真的不敢说这是我第一次看《英雄本色》，并不需要多么复杂的炫技，好电影从来都很简单纯粹。怀念最好的港片年代。“他有勇气去改过，你有没有没勇气去接受？” 上海电影节4k修复版。,2015-06-15 12:14:16,
https://movie.douban.com/subject/1297574/,圆首的秘书,5.0,节奏奇快，没有一句水词儿，实打实的95分钟。狄龙演得太好了，在弟弟和兄弟之间摇摆，经受着法律和道德的撕扯，始终处在灰色地带和生存的边缘。一部充满戏剧性但又十分优美的枪战片。周润发为角色增色太多，人物既有隐忍的一面又有超强的爆发力，狄龙出狱两人在车库见面一段的表演绝对留名影史。,2017-11-17 16:09:27,
https://movie.douban.com/subject/1304447/,影志,2.0,10分钟可以搞定的电影默默迹迹搞了2小时。故弄玄虚，文艺青年必看装13电影。,2010-12-26 01:04:31,
https://movie.douban.com/subject/1304447/,即兴表演艺术家,4.0,虽然知道多看几遍有可能会看懂，但我觉得应该把这个时间献给更多的电影。,2008-06-01 19:02:04,
https://movie.douban.com/subject/1304447/,小豆子,4.0,"不错,一开始我还以为家里的DVD坏了,怎么倒着放的",2007-09-22 10:50:19,
https://movie.douban.com/subject/1304447/,周鱼,5.0,你可以连看5部烂片 然后忘掉他们 或者用同样的时间 把《记忆碎片》看上5遍 然后爱上它,2010-05-24 22:10:19,
https://movie.douban.com/subject/1304447/,库索,4.0,这片看起来太累了。。。,2010-09-03 00:03:59,
https://movie.douban.com/subject/1304447/,握不住的灵魂,4.0,二十六个碎片，将后十三个碎片倒叙，以彩色片形式拍摄，前十三个正叙，分别加在十三个彩色情节中，并变为黑白片，以突出纪录片的风格。后十三个碎片每个碎片再被分成两半，并颠倒顺序，黑白片时而在两半之前，时而之中，时而之后。,2011-07-15 18:55:36,
https://movie.douban.com/subject/1304447/,Sophie  Z,4.0,看的时候一直在想有没有谁会做个自己剪辑的正序版本……,2013-07-10 07:07:20,
https://movie.douban.com/subject/1304447/,朝暮雪,4.0,第一个想出这种拍摄手法的人简直就是天才。,2012-08-18 01:04:37,
https://movie.douban.com/subject/1304447/,鱼丸粗面,4.0,真烧脑子,2007-08-23 13:25:19,
https://movie.douban.com/subject/1304447/,Zephyrance,4.0,抖机灵这事吧，真没那么玄乎,2009-01-08 19:28:10,
https://movie.douban.com/subject/1304447/,Mark Johnson,4.0,一个针管引发的血案。,2009-10-07 23:18:06,
https://movie.douban.com/subject/1304447/,。,5.0,那个不到半秒的画面。。。另外请问一下楼上那个“短”评是怎么做到的！！？,2009-09-29 14:32:33,
https://movie.douban.com/subject/1304447/,粟熙,3.0,有些故弄玄虚，其实我原本应该很喜欢这种结构，但不知为何这部让我不太感冒,2008-04-29 23:41:31,
https://movie.douban.com/subject/1304447/,Lan~die,5.0,导演用一种前无古人的倒序方式营造出“支离破碎”氛围，让观众深刻体验到Lenny破碎的生活及内在，我们如Lenny般扮成侦探，在电影里寻找着所谓的真实。而那织在复杂结构中的情感更让人没有办法不被感动。“如果自欺才能使我快乐，我选择如此的活着。”我们要生存下去必须给自己一个理由，否则就会精神分裂。但那些我们坚持的东西可能只是自己假象中的虚幻。一觉醒来时看着天花板问问自己：我是谁，我为什么在这里。然后你开始回忆，当那些记忆的碎片一点一点拼凑起来，一个完整的可能也并不客观的现实呈现在眼前，你，是否惶恐？,2007-02-19 07:57:26,
https://movie.douban.com/subject/1304447/,sharon,3.0,感觉太过用力的在制造悬疑，而不是故事本事迷雾层层,2017-03-23 23:32:36,
https://movie.douban.com/subject/1295409/,战国客,5.0,香港浪漫主义警匪动作片的巅峰之作！那段发哥和红姑的轮椅舞堪称香港电影史上的经典镜头~~,2007-06-24 10:28:16,
https://movie.douban.com/subject/1295409/,石头星,5.0,看过多遍，完全被三个人特有的自身魅力迷住，张国荣用红酒越红外线、三个人的舞蹈，至今都是经典。还有，发哥说，伊拉克不打仗。那是91年。,2017-03-26 21:20:20,
https://movie.douban.com/subject/1295409/,高歌,5.0,优雅——除了这两个字，我不知道怎样表达对他们的爱慕之情啦。,2009-12-20 21:50:01,
https://movie.douban.com/subject/1295409/,九尾黑猫,5.0,经典就是经典，看无数遍也是经典,2008-03-10 14:39:06,
https://movie.douban.com/subject/1295409/,鸿音,5.0,因为去过巴黎，就更能感到张国荣站在塞纳河上吹风然后潇洒远去的风流，那种气质真是让人倾倒。发哥很多表演细节很风骚，太搞笑了。红姑还是那么美，绝代风华。,2016-11-09 09:04:11,
https://movie.douban.com/subject/1295409/,Connie,5.0,我常不自量力地寧願gorgor一直活在那兩年,2006-01-18 18:30:55,
https://movie.douban.com/subject/1295409/,伊卡洛斯,4.0,你们都知道我的性格，我喜欢西逛逛，东逛逛，我喜欢流浪，其实爱一个人并不是要跟她一辈子的，我喜欢花， 难道我摘下来你让我闻闻，我喜欢风，难道你让风停下来，我喜欢云，难道你就让云罩着我，我喜欢海，难道我去跳海？,2011-03-23 23:04:09,
https://movie.douban.com/subject/1295409/,眠去,4.0,香港影史最赞三人行,2007-02-25 10:00:02,
https://movie.douban.com/subject/1295409/,Lan~die,4.0,有新武侠的潇洒。        “其实爱一个人并不是要跟她一辈子的。我喜欢花，难道你摘下来让我闻；我喜欢风，难道你让风停下来；我喜欢云，难道你就让云罩着我；我喜欢海，难道我就去跳海？”,2009-03-08 20:05:15,
https://movie.douban.com/subject/1295409/,曼仔,5.0,当真是意气风发。我原本以为我不会喜欢周润发的，但是现在真是觉得，他的滑稽潇洒确实有魅力。张国荣自是眼角眉梢皆是温柔不羁。一曲风继续吹，真是有深情风流意。那时是港片的黄金时代啊，盛世青春。,2013-08-22 06:11:20,
https://movie.douban.com/subject/1295409/,晚凉天净,5.0,一部美不胜收的童话，有最令人心动的乌托邦式的爱情和友谊，最经典的三人组合。是一个不安、困惑、喧嚣却仍然纯粹而理想化的历史分期留给我们的礼物。西方古典绘画的介入有升华和纯粹化的作用。心情不好的时候最可以拿出来看，缅怀80-90年代的时候也可以看，想念哥哥的时候还是可以看。,2013-09-21 23:58:20,
https://movie.douban.com/subject/1295409/,波波维奇,4.0,"红姑息影了，发哥老了，张国荣走了，香港电影的辉煌远去了。这些陪伴着我们长大的电影也要被遗忘了。
  真是“春梦了无痕”。",2018-03-07 18:02:54,
https://movie.douban.com/subject/1295409/,晚不安,5.0,胶片重看。有情有义，游戏人间。尽管画面存在抖动、刮痕、过暗诸多问题，但仍得以辨认出这是吴宇森巅峰时期的巅峰之作。继续贯彻浪漫主义暴力美学的同时，用层出不穷的喜剧元素提升娱乐性并自我嘲解，还用东方的智慧解决《祖与占》式的三角关系（片中人物名字即在致敬这部法国新浪潮经典之作）。一句“祝你们春梦了无痕”潇洒至极，这三人行的组合无论在当时还是现在都是风华绝代。喜欢花，喜欢风，喜欢云，更喜欢不羁和自由。,2018-09-09 23:02:10,
https://movie.douban.com/subject/1295409/,灰子,5.0,以前看只会傻乐，现在看时总不自觉地要为钵仔糕神伤。他表面上是个风流潇洒的浪子，爱流浪四方，爱风云鲜花，但骨子里却是个坚忍不拔、至情至性的侠客。要怎样的隐忍，才能让他佯装断腿预谋翻身，即使被养父侮辱被喽啰殴打也不为所动？要怎样的豁达，才能让他笑着目送自己心爱的女人躺入最亲的兄弟的怀抱？他坐在轮椅上看着红豆翩翩起舞时，他背着身说出那句“祝你们两个春梦了无痕”时，心里翻涌着多少潮水与浪花？但这个男人把一切挣扎与斗争全都内化在了心里，呈现在外的永远是一张灿烂阳光的笑脸。这是多么温柔、多么可爱、多么伟大的一个男人啊。,2022-07-06 00:32:27,
https://movie.douban.com/subject/1295409/,蓝色啄木鸟,5.0,补标经典，看过很多遍仍然很喜欢的剧，精彩好看。三人组合超顺眼，发哥演得很潇洒，哥哥有点忧郁又深情款款，钟楚红艳而不俗，有一种大气的美。,2017-03-29 12:33:26,
https://movie.douban.com/subject/6534248/,江倍恒,5.0,"迪士尼的华丽逆袭！
当拉尔夫落向可乐山，耳边响起坏蛋宣言的时候，即使我已经猜到了结局依然被感动到一塌糊涂……",2012-10-18 19:26:54,
https://movie.douban.com/subject/6534248/,psycho DC,5.0,给我一瓶可乐 + 一包曼妥思 我能拯救全世界！！！！,2012-11-06 22:36:06,
https://movie.douban.com/subject/6534248/,影志,3.0,突破的迪士尼，有回忆却无情怀，有佳句无佳章，设定、创意不错，但讲述方式一路下滑。开篇惊喜以为会是游戏世界的《超人特工队》/《超级大坏蛋》+《怪兽电力公司》，没想看完感觉是动画版的《极速赛车手》…无个性，满满都是其他动画片的影子。 “如果那个孩子喜欢我，我还能坏到哪里去呢？”,2012-11-06 21:36:26,
https://movie.douban.com/subject/6534248/,白发生,4.0,即便今年的动画电影整体水平偏低，也不至于把这样一部作品推上神坛。,2012-11-08 16:15:28,
https://movie.douban.com/subject/6534248/,同志亦凡人中文站,4.0,正太把御姐，罗莉泡猛男——这真是一个三观尽毁的电玩世界！,2012-11-06 21:46:20,
https://movie.douban.com/subject/6534248/,亵渎电影,3.0,特意大半夜的跑去看了原声场，还真以为是今年的神作呢，整个就一个调色板毫无节制的追逐游戏，追逐越来越快真让人担心动画师的调色板会在高潮时刻跟着失控。也许大家看的是自己的怀旧情结？这样的反英雄故事没有亮点只能算不功不过，连桥段还都是大把眼熟的拿来主义，天朝的观众都返老还童了？★★★,2012-11-20 02:06:59,
https://movie.douban.com/subject/6534248/,Obtson,5.0,给这片子差评的多半曾是班干部，他们去游戏厅也都是领着老师去逮人的。所以，我认为打低分者才是真的无敌破坏王。,2012-11-09 10:47:12,
https://movie.douban.com/subject/6534248/,chaaaaad。,5.0,必须今年看过最好看的动画片！在电影院听到我大村姑团的歌曲实在太威武了！,2012-11-03 14:06:49,
https://movie.douban.com/subject/6534248/,猪大腿,5.0,"不出意外这应该是今年最好看的动画片了！片子里面一""下""一""上""两场戏都超级感人，小催泪。""Hey, look at the high definition of your face!"" lol",2012-11-03 14:38:03,
https://movie.douban.com/subject/6534248/,王食欲,4.0,最美告白：你脸上的像素好高啊！,2013-08-20 23:00:08,
https://movie.douban.com/subject/6534248/,gudong,5.0,昨晚是第一天首映，一直激动到现在，绝对可以称之是迪士尼的崛起之作，近年来最有创意的故事最用心的设计最可以证明迪士尼实力的影片，brave，tangled几乎没有可比性 go watch it!,2012-11-03 22:09:50,
https://movie.douban.com/subject/6534248/,大奇特(Grinch),4.0,蜀黍和萝莉、御姐和正太的逆天组合，和《复联》《林中小屋》一样，以“穿越”串起主轴，却没有前者的一锅乱炖，而是毫无违和感。以“反英雄”主角的消极情绪，一路升温来找回正能量。倘若你曾是8位机或游戏厅的玩家，必定能够旧梦重温、重拾童趣！,2012-11-06 15:34:01,
https://movie.douban.com/subject/6534248/,荔枝超人,2.0,还是非常迪士尼，非常6到10岁！看一个无趣聒噪的小女孩在粉红色糖果世界里玩赛车，r u kidding me?!,2012-10-30 17:24:40,
https://movie.douban.com/subject/6534248/,bailey,5.0,不容错过！每一个镜头都充满了惊喜~！每一句话都充满笑料，结局也带来很多感动。影片里出现了很多经典游戏人物，有美式的，也有日式的，身边的老美一个个看的惊呼声不断~~！,2012-10-22 13:18:25,
https://movie.douban.com/subject/6534248/,山人阿苍苍,4.0,如果说人设制作配乐什么的是动画的血肉，那创意和情感就是动画的魂。而为什么当初说《勇敢传说》让人失望，因为它虽然将前者做到无可挑剔，但它的后者却弱到爆。《无敌破坏王》游戏机内世界的设定之巧堪比当时的《怪物公司》，而对于主角心理的描摹也令人叫好，小机灵更是遍布全篇。最后我有泪啦。,2012-11-04 21:19:08,
https://movie.douban.com/subject/1291822/,米米无,5.0,我们看了那些屠杀的镜头 然后继续吃大餐,2010-03-23 00:28:28,
https://movie.douban.com/subject/1291822/,音五六//  Jee Zark,5.0,"很早以前看黑镜头就知道这段历史了
片中还是侧重于胡图族对图西族的屠杀
但实际上 在图西族控制的地区 
对胡图族也发生着同样的杀戮
这是一场无法说清的事实
事实没有真相
只有荒谬的让人不可理解
人们用最原始的武器棍棒刀叉去和自己的邻居搏命
只因为他们觉得 不杀死对方对方就会来杀自己",2011-02-04 14:14:05,
https://movie.douban.com/subject/1291822/,novich,3.0,以剧情片类型来拍种族灭绝的题材，总觉得轻飘和虚假。失分还在于单线，一个西方度假饭店经理的独角戏，再如何渲染，也显得单薄。最后小团圆的包袱吊了一大半时间，终于解开，也太模式化了。最有价值的是借此了解了屠杀背景和胡图图西的殖民地渊源。,2011-06-29 09:26:54,
https://movie.douban.com/subject/1291822/,蓓蕾,4.0,当这个世界闭上双眼，他却敞开了怀抱。,2008-10-06 21:48:40,
https://movie.douban.com/subject/1291822/,nightourists,4.0,记者和保罗对话，对于外国观众看到图西族遭受的惨象后所可能的反应作出的揣测，令我想起《关于他人的痛苦》，苏珊·桑塔格在书中提到，我们看多了反映苦难的照片，就会在某种层面上以为自己真的帮助了那些身陷囫囵的人。当然这是一句题外话，但与我们切身相关。,2010-09-30 23:09:49,
https://movie.douban.com/subject/1291822/,Q。,4.0,电影没有什么花哨精巧的剪辑，有的只是质朴之中最撼动人心的真实。一个真实的故事一个真正的人间炼狱。当世界遗忘他们，国家陷入疯狂的时候，一个比辛德勒更加艰辛的男人在一个人人力求自保的环境下敞开了他的双臂。记住他的名字——保罗·卢斯萨巴基纳。★★★★☆,2010-12-19 23:48:41,
https://movie.douban.com/subject/1291822/,沸海鲸歌,4.0,最荒唐的是，胡图族与图西族是比利时殖民者人为划分出的种族。,2021-07-20 20:50:48,
https://movie.douban.com/subject/1291822/,润物,4.0,这种历史不应该被遗忘，在欧洲人用辛特勒名单纪念犹太屠杀的时候，非洲也同样有卢旺达饭店记录着感人的大救援。没有惨烈的屠杀与交火镜头，然而带给人的感动是那么真实，那种真实的生的欲望与善的本性。男主角在这部电影中的表演非常精湛，完全投入，彻底地让人记住了这样一位英雄。至于里面杀人工具砍刀来自中国的场景，也只有对于中国制造的一种无奈。,2008-12-05 23:05:03,
https://movie.douban.com/subject/1291822/,伊宜以忆,5.0,当电影成为我们铭记历史的唯一方式　是幸或不幸,2005-10-26 19:03:51,
https://movie.douban.com/subject/1291822/,有心打扰,4.0,1.“他们留下了接近一百万尸体。”2.生而为人，对不起。3.“上帝，我感到惭愧。”4.即便只是多拯救了一条生命，也应露出一个大大的微笑。5.让灵魂也为之啜泣的哀曲。6.情节处处揪心，却无法深入骨髓的痛，只有恨。,2012-04-09 23:02:54,
https://movie.douban.com/subject/1291822/,米粒,4.0,非洲版辛德勒名单 真实故事,2010-02-22 23:42:56,
https://movie.douban.com/subject/1291822/,今天小熊不吃糖,5.0,我所听过的最美的片尾曲，震撼心灵的人性故事，愿真善永存，苦难和邪恶远离所有人,2008-12-12 23:05:04,
https://movie.douban.com/subject/1291822/,Vamei,5.0,人祸最惨。可我们看完新闻，还是会安心的吃完晚餐。,2016-03-21 21:32:59,
https://movie.douban.com/subject/1291822/,鱼丸粗面,5.0,卢旺达的孩子们从神职人员身边被拽开时，随着背景音乐，眼泪忍不住打转◎◎基于背景值得一看!,2007-08-19 15:17:17,
https://movie.douban.com/subject/1291822/,欢乐分裂,3.0,#250#“天啦，太恐怖了，然后我们继续吃晚饭”这句最切中要害，题材感人，不过就艺术手法来说真是一般般~所以一般般就是，我们只能从外部（镜头）获得信息，那是导演的意图，我们可以不动大脑盯着屏幕看完两小时，留下的或许只是那一句震撼的话，思考的权利被剥夺了。,2013-12-04 21:54:27,
https://movie.douban.com/subject/1292329/,亚比煞,5.0,很多电影里都会杀人。只有在杨德昌的电影里，那不是杀人，那是整个世界的崩毁。他要你眼睁睁的看着，他用两个多小时创造的世界，在少年捅下去的那一刀里，灰飞烟灭。,2011-09-25 10:46:40,
https://movie.douban.com/subject/1292329/,Kévin,4.0,外国人一定觉得中国人长得都差不多。,2011-06-27 22:23:48,
https://movie.douban.com/subject/1292329/,影志,4.0,那一霎那我什么也没做，只是捅了你一刀。“原来你跟他们一样，对我好就是想改变我。你好可笑啊，你以为你是谁啊？我和这个世界一样是不可改变的…”,2009-04-18 21:34:49,
https://movie.douban.com/subject/1292329/,私享史,4.0,如果小四最后听从姐姐而去了教堂，也许结局不是那么悲怆……,2005-10-07 00:53:12,
https://movie.douban.com/subject/1292329/,西楼尘,4.0,当某一个夏日你伸出手想去拥抱她的时候，结果只抱住了风，青春就这样散场。白衫黑裙的少女笑靥如花，却无声无息地倒下，校服沾染了一个时代的迷惘惆怅。曲终人散，那些年少曾路过的台球桌、小公园、棒球场，会否记得外文的歌、懵懂的吻，还有无所事事的下午我们许过的诺。终于你改变不了的，才叫人生。,2016-03-28 18:44:02,
https://movie.douban.com/subject/1292329/,小耳朵图吗,3.0,"4个小时的片,中途睡着了",2007-08-21 06:48:16,
https://movie.douban.com/subject/1292329/,无条件积极关注,4.0,手电筒无法把黑暗照亮，收音机传来滋滋回响，短刀终于刺向所爱之人的胸膛。曾经喜欢过两个遭受男友暴力的女生，才终于明白，这个世界或许会变，但人是不会变的，永远不要妄想去改变别人，别人未必痛苦，未必需要你所谓的帮助和救赎。小明和汪狗是一类人，他们是极端现实主义者，不论是非，只讲利弊，为了生存和发展，可以交换和利用一切资源；而小四和哈尼是一类人，他们是极端理想主义者，他们信奉自己的原则，不愿屈服和妥协。可是面对父亲形象的崩塌，友情和爱情的叛离，小四的世界终于轰然倒塌，正如尼采说的：“把理想主义者拖出他的天堂，他会再造出一个理想的地狱”，这不仅仅是几个年轻人的悲剧，更是那个特殊时期台湾社会的伤瘀。,2021-04-30 04:12:00,
https://movie.douban.com/subject/1292329/,袁牧,5.0,弱者送给弱者的一刀,2010-07-16 19:04:19,
https://movie.douban.com/subject/1292329/,观三生,2.0,1.黑乎乎的啥也没看清，不知道谁把谁砍了，后面完全靠自己的推断 2.真的有必要拍那么长么，除了几个亮点，其他的完全可以缩减  3.剧情推进太慢，不要想着同时讲那么多件事4.小四打灯泡那里的镜头运用，不喜欢 5.不明所以的被奉为神作 6.这部电影打断了我顺着豆瓣TOP250看完的欲望,2013-06-17 17:35:32,
https://movie.douban.com/subject/1292329/,萌 . 李,2.0,奔着超好评，坚持着看完了四个小时，除了干净的构图和年代感之外，并没有觉得惊艳，可能是我的青春里没有那么多的“操你妈逼”“你妈逼嘞”吧……没出息杀死了绿茶婊，却映衬出了整个年代的无奈……,2016-03-27 08:42:02,
https://movie.douban.com/subject/1292329/,娜嘉,,"没什么好看的,时间特长,很闷,还不是我喜欢的闷",2006-02-04 21:04:30,
https://movie.douban.com/subject/1292329/,柴斯卡,,宝岛人民还是太小清新了 像张震这样的小朋友 就应该让鬼冢英吉绑在摩托车后面 环岛拖行一周 不信治不好他的病,2013-12-15 13:22:11,
https://movie.douban.com/subject/1292329/,黑胖砸儿,5.0,海那边六十年代的生活跟海这边八、九十年代差不太多，但tmd海南边的学生凭什么人手一双converse？凭tm什么？,2009-10-07 21:24:23,
https://movie.douban.com/subject/1292329/,обломов,4.0,「我就像这个世界，是不会改变的」大部分人，都是这样选择接受的；另一小部分人，则掏出了刀子，然后，从此沉默于黑暗,2016-04-15 22:49:29,
https://movie.douban.com/subject/1292329/,陆钓雪de飘飘,5.0,我在台南，无聊的要命，每天可以看几十本武侠小说。后来，我叫他们去帮我租最厚的小说来看。其实以前的人，跟我们现在出来混的人，真的很像。《战争与和平》，其他的武侠书名都不记得了，只记得这一本。妈的，我还真想写本小说咧，干，给以后像我这种人看。太晚了，书又读的不够多。,2016-09-05 01:27:06,
https://movie.douban.com/subject/3011051/,不想取了,3.0,有小聪明，少大智慧~详细一点说：导演有一定匠心，但是全片看太注重一些边边角角部分，整体结构上显欠缺，解释不合理，主线力不从心，细节再装扮的故弄玄虚也算不上上佳之作，姑且三星,2010-04-29 20:22:39,
https://movie.douban.com/subject/3011051/,太龌龊欧蓝德,,本片告诉我们，要善待儿童，以及不要欺骗出租车司机。,2011-09-13 22:43:24,
https://movie.douban.com/subject/3011051/,混水酒馆,3.0,哇~~又升仙啦！！咦？我为什么加了个又字?,2011-02-27 20:35:25,
https://movie.douban.com/subject/3011051/,天狼星,5.0,"我看过的最好的悬疑片，为了严谨，加上之一。。。
一个循环的世界，西西弗斯的世界。。。
看完给人以警醒，我们总是在说，如果给我再来一次的机会，我一定会怎么怎么样，但是真的是这样么，电影给了我们一个很好的答案。。。
最后再说一句，看懂了这部电影的人，会毫不犹豫的给5星。。。",2010-01-30 16:30:41,
https://movie.douban.com/subject/3011051/,strongman,5.0,知道自己命运的人最恐怖,2010-01-22 23:51:21,
https://movie.douban.com/subject/3011051/,荷步(Bunnyeh),5.0,大家都知道了片尾即是开头，终点便是起点。而女主早已死，死在那个阳光明媚，驾车带儿子一起前往港口的路上。也就是车祸，是结尾处躺在地上连衣裙的她，这个她才是真正意义上开车然后撞车死去的她。而站在路旁茫然看着眼前景象的她，完好无损的她，实则是灵魂。女主因为难以接受至爱的离去而想扭转这样,2010-01-28 13:47:45,
https://movie.douban.com/subject/3011051/,默雨,5.0,在叙事上真是一个奇迹。自《蝴蝶效应》以来，看到过最好的叙事逻辑。,2010-01-29 21:39:49,
https://movie.douban.com/subject/3011051/,私享史,3.0,IMDb打6.9分的片子在豆瓣进入Top250成了神作，额滴神啊。本片充其量是有个不错的故事构架，换个导演能比现在拍得好看多了。,2015-08-11 13:47:18,
https://movie.douban.com/subject/3011051/,锟斤拷,4.0,好吧，Triangle，多好的名字，谁TM给译成《恐怖游轮》这个标准的B级片片名的！？,2011-02-08 15:50:38,
https://movie.douban.com/subject/3011051/,丁丁|刘,5.0,开头太像无聊恐怖片了，很容易让人中途放弃。一定要坚持到影片一半左右，那个时候开始形成闭合循环，开始成为一道让人欲罢不能的谜题。想起当时看穆赫兰道的感觉，非常畅快。,2010-02-04 01:48:01,
https://movie.douban.com/subject/3011051/,匡轶歌,5.0,所谓心魔往往就是一念之迷。其实只需在任一环节小小改变，循环即可终止。有话说：人生大部分痛苦，都來自于该离场时，不愿离场的执著。不过，西西弗斯式的轮回，看似一个惩罚，一个永远沉沦、万劫不复的诅咒，同时却也是我们籍由“一再面对相同的境况”，而学会和弄懂生命课题，并由之毕业的唯一方式。,2012-08-22 10:54:11,
https://movie.douban.com/subject/3011051/,理想多钱一斤啊,5.0,这个237究竟是种么个情况……Jess家门牌号也是它，游轮上恐怖屋房号也是它；最奇怪的是……《闪灵》里面的神秘房间号码还是它……求解释……,2011-01-16 13:45:15,
https://movie.douban.com/subject/3011051/,亚比煞,5.0,我甘愿背叛死神承受天罚，我甘愿杀死全世界甚至自己，只要能再说一次爱你，再一次拥抱你，我就宁愿在噩梦中一次次承受痛苦的轮回，永不放弃。,2012-08-19 18:14:20,
https://movie.douban.com/subject/3011051/,深红,5.0,太好看了太好看了！！！我要哭了！！！！看得我鸡皮疙瘩乱起！！！六颗星在哪里！！！！在哪里！！！！我要打六颗星！！！！,2010-12-11 23:32:02,
https://movie.douban.com/subject/3011051/,Shing Chen,3.0,女主第二遍时既然是活下来了的人，那么有些事她是知道和经历过了的，她为啥不提前预防呢？哪怕没经历过第一次经历，比如女同伴死在甲板上那里，你看到周围都是尸体，而且都拿着你的衣服，你为什么还非要把衣服脱给她？你敢不敢哪怕做一点儿不一样的，来试图改变一下结局？导演你为了讲一个循环的故事，你能不能让女主角聪明一点，然后就像过关一样，每一步都往前多走一点儿，然后最后实际上还是没有逃脱，不也照样是这个宿命论吗？还有，她经历了撞车后去码头，是失忆了吗？如果不是失忆，那她到底是要干嘛非要装傻？而且她在家里杀了她自己后，第二天带孩子出门敢不敢哪怕穿个不一样的衣服，哪怕没有用，至少努力了啊？这电影气得我，跟那个万能钥匙一样，让人生气。编剧再严谨一些，让她稍微不这么轴，不好吗？恐怖游轮这个名字不好，不喜欢剧透式名字,2022-12-25 20:35:52,
https://movie.douban.com/subject/1310177/,Hiro,5.0,今敏证明了1点：动画不是单纯的视觉炫技，而是服务于实拍无法达到的剧情,2009-07-19 23:42:32,
https://movie.douban.com/subject/1310177/,八千觞,4.0,"最美的镜头大概就是随着阿花拉着那个巨大的条幅落下,太阳升起的瞬间.淸子大概真的是天使,是上帝派来拯救所有人的.其实没有人是心肠歹毒的不是么.也许,东京教父就该是暖暖的,和那个封面上作为背景东京塔一样,尽管是冰冰冷冷的,可是,暖光打上去,还是灿烂的.",2010-08-03 22:57:30,
https://movie.douban.com/subject/1310177/,胤祥,4.0,非典型今敏。最冷的一部片有了最大团圆的结尾。,2010-06-30 17:45:25,
https://movie.douban.com/subject/1310177/,shininglove,5.0,我祈祷拥有一颗透明的心灵和会流泪的眼睛。,2015-09-11 19:34:32,
https://movie.douban.com/subject/1310177/,城南草木生,5.0,"""他是洗澡的时候踩到肥皂摔死的……生命是脆弱的……""大师，再见……",2010-08-25 21:18:12,
https://movie.douban.com/subject/1310177/,影志,4.0,“要是这样说他还原谅我的话，那就是真的亲情。” 三个拾荒者组成的临时搭档，甚过万千真正家庭。每个人都值得有被爱的回忆。,2015-04-23 15:27:48,
https://movie.douban.com/subject/1310177/,芦哲峰,4.0,仗义每多屠狗辈，温暖有爱不流俗。,2016-08-03 08:53:57,
https://movie.douban.com/subject/1310177/,高歌,4.0,"今敏版《麦琪的礼物》
年轻编剧们，学学怎么玩故事线的交集，好么。",2016-06-09 04:17:22,
https://movie.douban.com/subject/1310177/,御姐控_光崽,5.0,"""洗澡时踩肥皂摔死的.""
""啊,人生真是难测啊!""",2008-10-11 17:40:23,
https://movie.douban.com/subject/1310177/,亵渎电影,4.0,大师，再见！★★★★,2011-03-18 23:35:27,
https://movie.douban.com/subject/1310177/,Lan~die,5.0,"三个无家可归的人之间的奇妙友谊以及善良，整部影片都洋溢着希望和爱。  
今敏：“在我至今为止的作品中，我认为「东京教父」的创作质量最高。就这点来说，这部影片是我最喜欢的作品。”",2008-11-08 18:33:02,
https://movie.douban.com/subject/1310177/,欢乐分裂,4.0,"2020-7-30重看；所谓「教父」---原来是Godfather，上帝赠予凡人的孩子，让废柴三人组（三位主角的身份界定有典型意义）在父子关系中均获得原谅、释然、理解，拯救与被拯救的雪夜之旅，一年中的最后一天，帐都算清了。

一部迥异于对今 敏常规认知的作品，现实主义风味浓郁，既有生存困苦的残酷阴暗，又兼具乐观坚强的喜剧元素，几条线索编织得犹如梦幻般巧合。生命啊，这般脆弱而伟大；卑微的人，我们都拥有神的奇迹，小人物的爱照亮大都市的黑暗角落。

结尾高光，他们一个接一个抱着不放手，飞扬起的横幅在朝阳的金光下焕发出新生的喜悦。这一刻，他们见证了东京最美的时分。",2011-03-11 22:07:17,
https://movie.douban.com/subject/1310177/,崇子,5.0,为什么力荐的人那么少？这明明是个每个人看了都会充满希望的好片子~大爱~,2008-01-11 02:18:05,
https://movie.douban.com/subject/1310177/,巴喆,5.0,拾荒者、人妖和刺父的少女，没想到这不入流的、浑身恶臭的三个社会底层竟然成为了寒冷冬夜的一把火，温暖着东京这个冷漠的都市。最后阿花坠楼那一抹朝阳，给人无限希望。此片充满人道主义人文关怀，剧本主题、剪辑、结构、节奏和摄影镜头，都堪称典范。今敏若非早去，当与宫崎骏并列日本动画电影的两座巨塔。9,2016-08-01 10:42:33,
https://movie.douban.com/subject/1310177/,同志亦凡人中文站,5.0,辗转漫长的一夜，圆环一样的人物剧情。今敏塑造了最美的人妖啊，我的泪腺在赤鬼青鬼的故事中失控...,2015-05-25 14:41:30,
https://movie.douban.com/subject/27622447/,朝暮雪,5.0,"或是被第三者插足，或是不受父母待见，或是被辞退，或是父母根本不想把Ta生下来……这群被抛弃的人们，却共同组成了最温馨、最和睦、最融洽、最可爱的家庭。
他们或是失业，或是工伤，或是以偷窃维持生计，或是在风俗店工作，他们生活在社会的最底层，他们缺少物质财富，精神生活却无比充实。
他们每个人之间都没有血缘关系，但每个人都比原来的家庭过得更加快乐。
结婚不意味着幸福，被丈夫抛弃也能子孙满堂；
生了孩子不一定就是母亲，没有生育能力也可以给予母爱。
柴田治以为什么都教不了孩子，却教会了他什么叫青春期。
亚纪远离了富有的家庭，因为4号先生的肩膀更让她感到温暖。
由里遭到亲生父母虐待，却有一位素不相识的人愿意以失去工作的代价保护她。
富有富的活法，穷有穷的活法。我们在丰衣足食中颓废度日，他们在贫困交加中感受大爱无疆。",2018-08-02 10:33:17,
https://movie.douban.com/subject/27622447/,小A,3.0,我很努力试图去同情人物，还是没法同情他们。情节很cheap，直白生硬，全片无一处情感发自创作者肺腑。可恨之人有可怜之处，如果可恨可怜都写得不充分，人物怎么立得住呢？是枝裕和最近作品太多，应该好好休息积累一下，一年三熟的水稻再好吃也比不上一年一熟的。,2018-05-14 15:41:41,
https://movie.douban.com/subject/27622447/,OhBoyDaily,5.0,安藤樱那场在警察局双手不停抹眼泪的戏，演技大爆炸，可以说是年度最佳哭戏！,2018-08-03 10:17:40,
https://movie.douban.com/subject/27622447/,西楼尘,4.0,最费力的成长留在树上的只有壳，最狰狞的伤口留在皮肤的只有疤。最动人的烟火绽在空中看不到，最深沉的感谢飘进风中听不清。你教我食物最美味的吃法，却教我获得食物最羞耻的手法；我学会祈祷最灵验的手势，也学会用来祈祷最不齿的心愿。我在商店里偷换掉童年，你在泥土里掩埋了伤疤，而我们组成了家。,2018-07-02 17:32:29,
https://movie.douban.com/subject/27622447/,咯咯精,4.0,如果说爱你，还打你，那一定是说谎；如果爱你，就会像安藤樱一样紧紧抱住你。（沉溺于安藤樱的美色无法自拔,2018-05-14 19:31:33,
https://movie.douban.com/subject/27622447/,Lycidas,5.0,可惜全部的一点点真心，都只能无声地说给自己听。,2018-08-03 21:59:46,
https://movie.douban.com/subject/27622447/,frozenmoon,4.0,这家庭成员的关系如此戏剧又如此恬淡。奶奶一边说，血缘真是挣不破啊，一边看着海边毫无血缘关系的“家人”快乐的玩耍，家庭的意义、基础、决定性的根底到底是什么呢？镜头下没有高楼大厦、流光溢彩，一群人鼠蚁般生活在逼仄的房间里，冬天瑟瑟发抖，夏天汗水岑岑，吃偷来的食物，用偷来的香波。温暖来自于哪里？援交客人的拥抱和眼泪，教孩子叫自己一声爸爸，一家人齐整地在屋檐下仰望烟花，一座座小小孤岛连得成大陆吗？他们一家的生活几乎完全屏蔽于正常世界之外，但那所谓正常世界又真的是正常的吗？这里没有社会批判，它早已超越了这些无聊的社会性政治性议题，只探究人心。男人躺在那里吊儿郎当地开玩笑说，我们的心连在一起。哦，这才是家庭的根基对吧？,2018-08-03 13:16:57,
https://movie.douban.com/subject/27622447/,艾晨,5.0,电影节给了4星，点映二刷改五星。删减只影响心情，不影响剧情。这是一部看着温情，实则让人绝望的电影。六个人，包含人生各个阶段，小女孩也许就是他们的过去，老奶奶也许就是他们的未来。你说这个世界会好吗？这些人从生到死，无人知晓；被弃苟活，步履不停。临时的家人组成羁绊，相互取暖；真正的至亲者却活在谎言之中，不闻不问。就是这样一种“陌路虽有爱，亲者皆祸害”的循环让你心寒至极。,2018-08-02 11:11:17,
https://movie.douban.com/subject/27622447/,桃桃林林,4.0,仍是是枝裕和的家庭剧套路。不过，因为这次的家庭关系更加特殊，也更多了些温情。同时，还融入了更多的社会关注，让影片更有深意。几个角色散发出的主要情绪都是：暖。一个特别暖、特别温情的故事，背后又暗藏伤感与残酷，如《无人知晓》，小朋友们仍然表现出色。安藤樱在这里超性感啊！当然，也超有戏,2018-05-14 07:13:13,
https://movie.douban.com/subject/27622447/,同志亦凡人中文站,4.0,水准接近是枝裕和最好的“步履不停”。几乎所有导演在拍摄底层家庭题材时都会有意无意的使用自上而下的镜头，只有是枝裕和永远能够保持温暖的平视。电影含蓄的再定义了家庭和亲情：在商店倒闭前，里面的东西都是无主之物；在这个小小家庭分崩离析前，他们就是有爱的一家人......,2018-07-21 17:03:18,
https://movie.douban.com/subject/27622447/,叶纸君,4.0,感觉是枝裕和的电影还是更适合一个人在家默默观看,2018-08-03 22:55:27,
https://movie.douban.com/subject/27622447/,水怪,5.0,有援交和啪啪戏，希望局里不要一叶障目，淫者见淫啊。不知内地哪家片商买了，棕榈叶至少增量两千万票房。情绪感染到位，收尾看哭全场。尽管都是被社会遗弃的多余之人，依然还是要努力生活呀。,2018-05-20 03:15:01,
https://movie.douban.com/subject/27622447/,Peter Cat,4.0,和《无人知晓》对比的话，是枝裕和结构和剧作上控制力衰落还是很明显的。但对类似主题复调式回归中，一个作者内在生命经验在时间中流淌所带来的文本上变化和感触，他对社会和人性经年耐心的观察、等待和摸索，恰恰承托出，与是枝裕和差不多同一时间出道的贾樟柯，还在《江湖儿女》中用符号宇宙空洞地重复自己二十年前生活经验。,2018-05-14 17:50:40,
https://movie.douban.com/subject/27622447/,喵尔摩丝,5.0,萍水相逢，尽是他乡之客。是枝裕和依旧乐于探讨血缘与亲情究竟有没有必然联系。所谓小偷家族，偷的不止是能填饱肚子的食物，更是一种能够让灵魂产生幸福错觉的情感羁绊。偷生能不能叫偷？如果叫，那我们每个人，或许都是小偷家族的一员。中川雅也追车看得我哭晕，在海边抽了两根烟都没回过神。,2018-05-14 17:34:14,
https://movie.douban.com/subject/27622447/,柯里昂,5.0,"在电影院看了一部阉割版电影，导演是是枝裕和，我想这大概是对于这部片最大的讽刺了。
他们在尽量还原现实，我们在竭力掩盖“全貌”。
他们在诉说苦与痛，我们在迎合“价值观”。
当我们的电影人还在绞尽脑汁如何消费和榨取现实的时候，他们已经用最举重若轻的方式走在了艺术关照现实的最前端。
如果说《步履不停》是一剂后劲十足的催泪弹，那么《小偷家族》便是如鲠在喉的穿肠刺，咽不进去又吐不出来。
观影过程始终都很平静，一如观看是枝裕和的其他电影，但走出影院的路上，泪水却一直在眼眶里打转…作为导演的是枝裕和究竟是不是一位大师，这部片便是最好的回答，金棕榈只不过是影片所承载的所有意义中最轻和最无关紧要的那一个，经过岁月的洗练，是枝裕和的功力才显得愈发可怕，毫不夸张的说，世界范围内恐怕再找不出第二位能拍出此片的导演。",2018-08-03 21:50:12,
https://movie.douban.com/subject/1307811/,水湄物语,5.0,我喜欢她头顶的大红蝴蝶结，还有狠狠白那个小男生的一眼,2005-11-27 17:25:33,
https://movie.douban.com/subject/1307811/,漂流瓶bb,5.0,看电影最能触动你的时候，就是电影的宗旨在你最迷茫的时候告诉你现在必须要做什么！KiKI成长了，你呢？KiKi又能飞了，你呢？,2011-04-10 07:53:14,
https://movie.douban.com/subject/1307811/,宅蘑菇Moku,5.0,虽然设定都♥♥♥♥♥满点可是结局是怎么回事儿好突然……突……然……………………,2012-01-04 23:14:53,
https://movie.douban.com/subject/1307811/,有心打扰,3.0,学会一技之能，善加锻炼，让自己承认自己，面对这个庞大的世界，相信自己的能力很重要。,2012-04-03 02:02:50,
https://movie.douban.com/subject/1307811/,蓦兰,5.0,宫崎骏说：“对琪琪来说，最重要的是能否独立面对各种各样的人。只要她骑着扫帚带着她的猫咪飞行在天空，她就可以自由。但住在一座城市里、接受训练，就意味着不再有扫帚，不再有吉吉，她要独自走在城市的道路，她必须和人们交谈。琪琪和吉吉可以建立一种人格上独立的新关系。他们仍然是朋友，只是这种朋友关系中加入了新的元素（比如莉莉，还有吉吉的儿女们）。”,2016-05-22 16:53:47,
https://movie.douban.com/subject/1307811/,N,4.0,宫崎骏的电影总让人感觉世界是美好的，阳光明媚的,2008-11-18 16:38:20,
https://movie.douban.com/subject/1307811/,林愈静,,宫崎骏的动画片是众多动画片中我最喜欢的。,2006-05-02 11:13:23,
https://movie.douban.com/subject/1307811/,Panda的影音,5.0,是时候，长大了！ —— 2013.03.16 重温：琪琪无处安家，索娜姐姐好心留宿，琪琪激动地说：“是真的吗？老板娘！” 眼泪悬眶；看见多多一家如此爱护年事已高的狗狗杰夫，我的眼眶又有些湿润；琪琪的魔法变弱，她不断试飞失败，后来她说，要是没有魔法她就是没有用处的人。看到她如此失意，我再一次泪流。—— 2014.04.27 北京：去年的那个夜晚，国宝重温《哈尔的移动城堡》；今年的这个早晨，熊猫回味《魔女宅急便》；我这样偷偷把【宫崎骏】的电影当作送给我自己的生日礼物，不知他老人家会不会知道？嘻嘻…… —— 2015.05.25 家：在《龙猫》、《罗小黑战记》新出的第16集之后，给十几个小朋友播放《魔女宅急便》。看完电影，被三个男孩子骑扫把装飞行的幼稚行为逗笑。—— 2015.09.15：小公主满月的今天，就特别再次播放了这部喜爱有加的小魔女电影。,2011-08-03 23:09:47,
https://movie.douban.com/subject/1307811/,猜猜寻,4.0,宫崎骏的动画总会让人觉得这个世界美好无比。,2012-08-28 20:31:58,
https://movie.douban.com/subject/1307811/,朱欢尘,5.0,宫崎骏的动画我最喜欢这一部。开始我不知道为什么，有一天我姐姐说，你看过《魔女宅急便》吗，那个琪琪好像你哦。,2017-02-06 21:38:40,
https://movie.douban.com/subject/1307811/,巴喆,4.0,空中快递将会是未来物流业的核心！没想到日本人早在上世纪80年代就想出来了！8.4,2016-08-18 11:46:19,
https://movie.douban.com/subject/1307811/,就绪雀,4.0,比起飞行力的丢失，听不懂吉吉说话是最难过的事,2022-07-16 17:15:10,
https://movie.douban.com/subject/1307811/,外星纪--南庄座,5.0,平淡的故事也可以创作出一股大气犹如史诗般壮阔的效果。成长的点点滴滴充满灵气和积极的意义。飞行的镜头掌控也是异常经典，小黑猫恋爱生子后就变成一只普通的猫，这个设定实在是绝了，里面还有很多很绝妙的设定，比如魔法会突然消失，要让自己放空和心灵的休息后，才会自己恢复，这和创作的灵感，一些生活上的技能是非常相通的，真心是灵气满满，大爱。可以看到日后为千寻的打工救父母成长传奇奠定了坚实的基础,2008-12-16 03:41:39,
https://movie.douban.com/subject/1307811/,钟螺,5.0,因为故事非常单纯，反而觉得很好。琪琪那种乡下小姑娘的自尊心和抵抗意识，演出得非常精确。很难看到科技与神秘如此柔滑地同时进入一个故事。喜欢那个女孩子可以肆无忌惮地在动画里露内裤的时代。巴黎还是没怎么变，虽然电影里干净多了，但并不如何怀念。,2018-05-03 04:56:19,
https://movie.douban.com/subject/1307811/,这个假了,3.0,看不出这部电影有啥优势所在，算是很平庸的剧情设置了，感觉也就是一个小姑娘在寻找自我的过程，其中同样充满着爱与温暖~最最有趣的算是“吉吉”了，可惜那“王八蛋”把上妹之后，就没啥表现了……,2011-04-20 20:25:26,
https://movie.douban.com/subject/1291578/,肖浑,4.0,不同类，要成为集体，是多么艰难，又是多么简单 类与类融合很难，个体与个体相爱很简单 爱都是个人的事，与种族无关,2009-07-17 00:19:58,
https://movie.douban.com/subject/1291578/,王老虎,5.0,这只松鼠才是角儿！,2008-06-27 20:13:37,
https://movie.douban.com/subject/1291578/,沉歌,5.0,很久很久以前的冰河世纪，一只剑齿虎攻和一只树赖受相遇了……最后他们和宠物长毛象幸福的生活在了一起。THE END~,2008-05-03 18:37:02,
https://movie.douban.com/subject/1291578/,影志,4.0,成年后再次接触动画片的最初几部，当年刚上大一，跟《怪物史瑞克》一样刷新了我们整个宿舍的眼界，动画片可以这样精彩和不分年龄。,2006-02-04 06:23:22,
https://movie.douban.com/subject/1291578/,巴喆,4.0,说明了人类的孤芳自赏与自大无知，在史前一万年前动物们就已经知道如此了。老虎都这么有情，叫那小孩情何以堪。原来唯一不会使用英语的竟是人类，更讶异的是，那小松鼠直接改变地球生物史。8,2012-02-18 22:47:36,
https://movie.douban.com/subject/1291578/,美好时光只为你,4.0,哈哈，那只贱贱的松鼠实在是太令人想搓拉几下啦。,2017-05-06 22:37:05,
https://movie.douban.com/subject/1291578/,海心,5.0,非常温暖，非常感动。我们一起去南方，不离不弃。,2008-11-19 19:33:00,
https://movie.douban.com/subject/1291578/,X,5.0,啊啊啊，我能为那只松鼠打十分！！！,2017-03-19 23:01:11,
https://movie.douban.com/subject/1291578/,米粒,4.0,现在看看不算出奇，但这竟然已经是十年前的动画片了呀。开头和结尾都很不错，松鼠太可爱了，哈哈哈。,2011-05-09 03:38:00,
https://movie.douban.com/subject/1291578/,汪金卫,4.0,时隔多年重新看第一部，10年前的动画。当年的技术有限，以现在的眼光来看3D建模看起来很是粗糙。笑点也有些老套了。但这部只有80分钟的动画依旧非常的经典。他做到了很多电影都没做到的一点：好看！那只树獭和那只松鼠简直是两个活宝。强西瓜那段慢动作依旧经典。三星半,2012-08-08 01:23:10,
https://movie.douban.com/subject/1291578/,齐木楠雄,5.0,非常搞笑，脑洞很大，松鼠太逗了,2016-08-24 12:13:59,
https://movie.douban.com/subject/1291578/,朝暮雪,4.0,还是第一部最好。,2012-08-12 21:46:16,
https://movie.douban.com/subject/1291578/,杨大志°,4.0,很经典，松鼠太可爱了,2017-04-14 09:49:50,
https://movie.douban.com/subject/1291578/,ᥫ᭡້໌,4.0,笑点有，情谊有，动画片就是让人放松开心的。,2017-02-15 14:51:14,
https://movie.douban.com/subject/1291578/,美神经,5.0,伴着儿时的自己慢慢成长，觉得里面的每一只动物都值得拥有他们最好的人生。积极向上的一种态度生成了现在的自己吧。,2017-05-07 23:41:34,
https://movie.douban.com/subject/1297880/,战国客,5.0,“学着过点老百姓的日子，别总想着跟他们过不去。”,2009-04-29 09:47:21,
https://movie.douban.com/subject/1297880/,大崎娜娜忘记了,4.0,原来姜文从来没有年轻过！,2008-11-06 16:40:55,
https://movie.douban.com/subject/1297880/,丁一,,"夏衍《整人》——
闻道人须整，而今尽整人。有人皆可整，不整不成人。整自由他整，人还是我人。试看整人者，人亦整其人。
郭沫若《咏臭老九》——
你是臭老九，我是臭老九。两个臭老九，天长又地久。",2011-03-31 11:42:22,
https://movie.douban.com/subject/1297880/,Santa Evita,4.0,和胡玉音的苦情戏相比，“恶之女干部”李国香更引人注目，本以为她结尾也会遭到惩罚，结果却看到她继续平步青云，和自己迫害过的人谈笑风生，真是（真实得）可怕。,2017-07-31 22:55:09,
https://movie.douban.com/subject/1297880/,洛野,5.0,活下去 ，像牲口一样活下去。,2008-04-02 10:28:10,
https://movie.douban.com/subject/1297880/,心生,5.0,房子可以还，1500块可以还，甚至男人也可以还，时间呢，你拿什么还！？,2014-12-11 00:37:02,
https://movie.douban.com/subject/1297880/,亚比煞,4.0,美好的人性，来源于美好的制度,2010-10-30 16:11:24,
https://movie.douban.com/subject/1297880/,junepig,5.0,谢晋凭借这一部电影就可以跻身世界一流导演的行列了~,2007-07-08 21:20:58,
https://movie.douban.com/subject/1297880/,水仙操,4.0,米豆腐西施，蛾眉曾有人妒。“我是秦书田，外号秦癫子，专业是扫大街。”得知有了孩子后兴奋地在凌晨的石板街上翻跟头。大字报、挂破鞋、白对联。活下去，像牲口一样的活下去。“学着过点老百姓的日子，别总想着跟他们过不去。”革命如同醉酒，有人精神亢奋，有人昏头晕脑，总归都不清醒。何必，何苦。,2011-05-14 19:59:51,
https://movie.douban.com/subject/1297880/,RIPPER,5.0,"《活着》《霸王别姬》《芙蓉镇》讲述的都是中国同一段沉痛的史诗。《活着》戏谑荒诞，《霸王别姬》撕心裂肺，《芙蓉镇》直接将人间描述成无间地狱。人像牲口一样活，革命小将们做着布朗运动一样无秩序且永不停歇的勾当。这风云间打倒了多少胡玉音般的劳动人民？斗垮了多少秦书田般的知识分子？抛弃了多少谷燕山般的战争英雄？沉默了多少黎满庚般的普通军人？处决了多少黎桂桂般的有妇之夫？却又得势了多少王秋赦般的狗腿奴才与李国香般的地头蛇？在呓语中的“运动，运动”警醒着我们那个时代并未离去。无间地狱之所以无间，是因为时无间，空无间，受者无间。
难定你是你来负我是我的道。",2021-08-31 20:30:17,
https://movie.douban.com/subject/1297880/,胤祥,4.0,重看胶片版真是牛逼！竟然是2.35：1的超宽银幕版本……先前没注意的许多细节毫发毕现，这部片子真勇猛！,2007-04-27 15:13:59,
https://movie.douban.com/subject/1297880/,私享史,4.0,我极少会因为自己在生活中遭遇的不爽而发火，深刻的政治电影却有这个魅力；我也极少会因为自己在生活中遭遇的不快而落泪，细腻的爱情电影却有这个魔力。而《芙蓉镇》则罕见地让好久好久没有实践过这两种行为的我，火并幸福着。2008年10月26日，【电博】谢晋影展第二次看。,2006-07-07 22:24:49,
https://movie.douban.com/subject/1297880/,冰红深蓝,5.0,"目前看过的最佳大陆电影(与[霸王别姬]并列)。①不仅直面历史批判极左思潮与政治运动,还上升至人性探讨;②意识流手法(如醉酒战场幻梦)和对性心理隐晦而高妙的描写;③演员表演登峰造极,尤其刘晓庆;④扫帚华尔兹,翻跟头与白对联;⑤珠玉台词:完了-没完,像牲口一样的活下去,运动了-,世道不变。（9.5/10）",2015-07-02 15:27:23,
https://movie.douban.com/subject/1297880/,芥末蘸酱,4.0,先有党还是先有人，这是个问题。,2014-12-10 21:52:49,
https://movie.douban.com/subject/1297880/,半袖,4.0,跟同题材的片子比起来，它直接的就像一篇标准作文，干净利落，如开场“芙蓉镇”三个大字，扑面而来，占满整个屏幕，吓人又引人注目。掩卷沉思。可在豆瓣短评中，仍是有小朋友在纠结姜文穿的是不是匡威这种问题上，真是想抽他。20100622,2010-06-22 17:37:10,
https://movie.douban.com/subject/1959195/,ShowerP,5.0,看過才感受到美國版跟日本版的極大區別，除去整個情緒上的控制度，看過日本版才能理解為什麼阿八會用牠的餘生去等待主人，因為教授實在太愛牠了啊！教授對牠的那種愛和呵護是美國版完全沒有表現出來的，如果先看美國版會認為這是一隻神犬，跟主人之間的情感是冥冥中的，但日本版告訴我愛絕對是相互的。,2016-02-20 23:07:49,
https://movie.douban.com/subject/1959195/,vanille,5.0,我等你是因为，再没有人像你对我那么好T T,2010-06-18 15:08:41,
https://movie.douban.com/subject/1959195/,双喜,4.0,美版的才是忠诚，日版的看到是凄惨和无奈，无家可归，忍饥受冻，被人遗弃，追打，如果给他一个家，像教授一样爱它，它也不会这么凄惨，只能在车站那苦苦的等待那个唯一爱它的人。,2011-08-13 11:19:38,
https://movie.douban.com/subject/1959195/,匡轶歌,5.0,喜欢教授那句话：人有人格，狗也有“狗格”。日本动物爱护管理中心主页上写着：1.无法继续豢养的动物，请不要丢弃（以前是免费，现在只需交付2000日元即可由保护中心收容接管）。2. 遗弃、虐待动物是犯罪。3. 遗弃动物者，处以50万日元以下罚款。4. 杀、伤动物者，处以一年以下刑拘或100万元以下罚款。,2012-07-12 22:15:32,
https://movie.douban.com/subject/1959195/,麻绳,4.0,这真不是一个温情感人的宠物故事。如果说美版电影是在歌颂狗的忠诚，这个“被嫌弃的小八的一生”的日本原版则是在控诉，一个多么冷漠的社会才会发生这样的故事啊。作为日本著名的左派导演和本片的编剧，新藤兼人的剧本不简单，一巴掌一巴掌地打在那些表面上温良恭俭实际上内心虚伪的日本人的脸上。最后一个长长的镜头，昭和十年的涩谷车站，八公终于在雪中死去，但过往的行人无人理会，一队日本兵列队走过平静的东京街头，代表爱与诚的八公死去，一个全民癫狂的血腥年代即将开始。,2018-12-21 10:17:27,
https://movie.douban.com/subject/1959195/,Odile,5.0,"八公的""原味""还是在日版，教授去世后与之相关的人们对八公的薄凉，在它始一而终的热诚面前抬不起眼。
片尾的长镜头中，始终无人关照这位""人类的朋友""的死亡。似乎是一种讽刺，人弃忠友而去，却等待它们用生命为人类守灵。
除了教授，没人担得起这份守候。",2018-02-06 01:21:19,
https://movie.douban.com/subject/1959195/,冰山李,3.0,新藤兼人的劇本裏面應該是有著好幾個不俗的切入點，本可以把這個爛俗的故事導向更深層面。片尾曲坑死爹了...,2011-05-26 22:59:46,
https://movie.douban.com/subject/1959195/,爱的镇魂歌,5.0,美版突出悲伤氛围的塑造，日版则显得更加真实。除了八公与主人外，日版更多地刻画了八公与其他一些人之间的种种。相比美版里大家都爱的八公，日版里的八公则是忠诚过头而遭到其他人厌烦像踢皮球一般推搡的对象，也因此更加真实感人。,2013-08-21 21:54:37,
https://movie.douban.com/subject/1959195/,Super S hit,5.0,哭死我也,2009-01-24 05:51:41,
https://movie.douban.com/subject/1959195/,别人老公,3.0,对他温柔一点吧,2017-03-20 09:41:44,
https://movie.douban.com/subject/1959195/,静@Einfühlung,4.0,一只狗对其生命最初的爱，又想起那句话“我们之所以痛苦是因为我们曾经幸福过”,2007-12-17 14:43:00,
https://movie.douban.com/subject/1959195/,洛洛的小甜甜,5.0,反复叮嘱家人：狗狗也有狗狗的权力，要保护狗狗权力的教授，台风天担心阿八着凉所以淋雨把阿八抱进屋取暖的教授。给阿八抓虱子还要整齐排列的强迫症教授。和阿八一起洗澡的教授，看到阿八在车站接自己，满足骄傲的教授。想到这么温柔的人一会儿就要死了，我的眼泪根本止不住。阿八啊，你久等了。,2018-02-01 12:00:10,
https://movie.douban.com/subject/1959195/,起床，吃饭,5.0,我小时候家里养了一只纯种土狗，天天陪我爬山抓鱼刨沙坑。它死的时候我妈说我哭了一星期，打那以后，她发誓不再养狗。,2015-12-19 13:50:30,
https://movie.douban.com/subject/1959195/,天然呆,5.0,因为也喜欢小狗狗，所以这部电影让我很感动，爱与责任，一旦选择，终身负责,2017-03-20 15:07:41,
https://movie.douban.com/subject/1959195/,Jeanie,3.0,美国电影和日本电影的区别展露无遗。我个人还是更喜欢李察吉尔的美版。几乎从头哭到尾。而日版的，觉得教授和阿八前面感情着力还不够，中间太多拖沓的场景，以及，我实在无法理解冷漠的千鹤子。所以还是更喜欢美版。,2012-01-01 18:57:15,
https://movie.douban.com/subject/3792799/,Doublebitch,5.0,弟弟偷了能偷的一切给哥哥，可哥哥被偷走的却是生命。,2010-04-11 13:20:19,
https://movie.douban.com/subject/3792799/,痰盂猛鬼,5.0,突然觉得吴君如如此美丽.,2010-04-02 17:33:52,
https://movie.douban.com/subject/3792799/,吴慢慢,5.0,“在变幻的生命里， 岁月，原是最大的小偷。”我喜欢这种褪色的温情脉脉。,2010-03-12 13:42:48,
https://movie.douban.com/subject/3792799/,艾小柯,3.0,老演员表现非常精彩，新生代与小演员则一塌糊涂；布景与摄影都很粗糙；台词过分直白外露，细节安排不周到，刻意煽情；太情节缺乏深度，除了亲情尚有力度，其余都是苍白的怀旧。,2010-06-15 13:54:27,
https://movie.douban.com/subject/3792799/,桃桃林林,3.0,有味道的是那份情怀。,2010-07-09 22:25:48,
https://movie.douban.com/subject/3792799/,荔枝超人,4.0,没想到2010年还能看到这样的电影，感到很幸福。,2010-03-25 23:10:06,
https://movie.douban.com/subject/3792799/,喜觀,5.0,"人生总是一日难，一日佳。
过去的总归是好日子。",2010-03-19 12:54:46,
https://movie.douban.com/subject/3792799/,麈生,4.0,當你發現時間是賊了，他早已偷光你的選擇,2010-04-18 18:02:06,
https://movie.douban.com/subject/3792799/,城南草木生,3.0,再多修炼修炼就可以脱离低级趣味了，老演员很见功力，但是不够填补煽情过猛不够功夫不到位的问题，很意外火成这样的电影拍的原来这么马马虎虎,2010-06-18 00:58:07,
https://movie.douban.com/subject/3792799/,亵渎电影,3.0,岁月被浪漫主义色彩粉刷了一遍，残酷的像是编导们刻意为之，而生活本身的积淀没剩下多少，倒是偶尔的几个类似戒指痕迹的小细节让人动容。本片很有观赏性和娱乐性，但这也是一部毛病显而易见的电影。★★★,2010-06-07 12:29:21,
https://movie.douban.com/subject/3792799/,比邻,3.0,3.1 煽情五要素：制造童真视角、制造贫穷、制造阶级差距、制造一种家庭关系、制造绝症。,2022-07-05 15:35:08,
https://movie.douban.com/subject/3792799/,Santa Evita,4.0,本来只觉得是个俗套又滥情的故事，特别不明白为何要以哥哥死于血癌当主线；直到看到相关报导，才知电影是导演自传，情节基本全是真的：小男孩就是导演自己、鞋匠夫妻就是他父母、他哥哥真的早逝了。于是我们知道了这故事的后续：那小男孩长大后当了导演，让全世界都知道他有过这么一个哥哥。,2015-04-24 17:25:50,
https://movie.douban.com/subject/3792799/,离,4.0,每个人都有一场被岁月偷走的记忆。眼泪流了那么多，但丝毫不觉得煸情。节奏虽慢，但不琐碎。很喜欢李治廷的表演。这一场感动，来得无比自然、真实而朴素。难一步，佳一步。一步难，一步佳。有这样的爸妈，我们难道没有理由看得见天空中同时出现的两条彩虹吗。另，海报上明明不可以少了李冶廷的份嘛。,2010-03-25 00:08:48,
https://movie.douban.com/subject/3792799/,少言,5.0,如果你觉得只要电影里有人得白血病那么这部电影就是烂片的话，你不就不要看这部片了。,2010-04-12 22:24:56,
https://movie.douban.com/subject/3792799/,木卫二,4.0,哥哥倒下到弟弟接力的精英回首，父亲的道别和母亲的无奈，隔一层玻璃观看的热带鱼和上世纪60年代的深水埗,2010-03-24 10:16:49,
https://movie.douban.com/subject/1867345/,Doublebitch,5.0,在电影最后卡特的念白声中，科尔来到女儿家，俯身亲吻美丽的孙女，随后划去“亲吻世上最美的女孩”，我就开始哭，一直哭到电影结束，太温暖了，这个故事仿佛离我很远啊，可我为什么会被感动成这样子。,2011-01-04 22:37:16,
https://movie.douban.com/subject/1867345/,海心,5.0,笑了三分之二，最后开始落泪。你亲吻了世界上最美的女孩，你们的故事成为别人见过的最美的传奇。,2008-12-28 19:39:09,
https://movie.douban.com/subject/1867345/,米粒,4.0,"""Kiss the most beautiful girl in the world."" 哭了。。。",2009-12-28 22:16:25,
https://movie.douban.com/subject/1867345/,天亮天黑,5.0,渐入佳境，直击心灵。老卡特的问题：在你的生命中，是否有过欢乐？那你这一生，有没有给别人带去快乐？爱德华的经验：想尿别谦让，硬了就快上，屁要小心放！,2011-02-23 23:00:09,
https://movie.douban.com/subject/1867345/,蛮爷,4.0,那一刻，他闭上了双眼，却敞开了心灵。,2008-07-27 02:32:21,
https://movie.douban.com/subject/1867345/,刘康康,4.0,两个演员真好。两人在医院里关系慢慢建立的部分挺好的，我喜欢做化疗那段的设计，编剧有心。反而是作为重头戏的实现遗愿部分，写得很一般，临死前的遗愿就是环球旅行实在有点轻浮。还是欠缺些力量。,2014-03-13 23:26:19,
https://movie.douban.com/subject/1867345/,米姐起飞,5.0,喜欢定好小计划然后一一划去的小成就感,2008-03-12 00:30:49,
https://movie.douban.com/subject/1867345/,九尾黑猫,3.0,三流剧本，一流演技，主要是看两个主角啦,2008-06-24 13:41:30,
https://movie.douban.com/subject/1867345/,十个斗的眼窝浅,5.0,就算得了癌症，在连走廊都是病床的国内医院，你周围都是治不起病或是医保结算的老百姓。所以别做梦了，你的邻床不会是亿万富翁，有遗愿就好，别列什么清单，都是美好的夙愿而已！虽然感觉片中景点都是电脑特效，但我还是当风景片欣赏了这般美好。也的确被片子感动到了，这就是好莱坞+老戏霸的魅力。,2012-09-07 20:11:26,
https://movie.douban.com/subject/1867345/,影志,4.0,Fing the joy in your life...在巴黎吃早饭，去香港吃午餐，溜弯儿到长城飙摩托，插缝跳伞，赛车，开飞机去金字塔和泰姬陵……两个老头去全世界旅游，用剩余不多的时间，去燃烧他们的整个生命。我也想如此来一次生命的释然！“这个故事里总有一些你因为今生没有做过而无限懊恼的事情。”When he closed,2008-02-28 01:08:51,
https://movie.douban.com/subject/1867345/,赫恩曼尼,5.0,过早意识到人生的边际，不知是福是祸。人都在承受自己无知的贪婪带来的后果，或是挥霍光阴，或是自怨自艾。很适合在飞机上看的一部片子，心情和飞机的颠簸一起，跟随爱德华的脚步，走遍世界。观看和践行融合一处，让人舒服也让人流泪。,2014-09-21 13:51:13,
https://movie.douban.com/subject/1867345/,UrthónaD'Mors,5.0,"so one day when i go to some final resting place,if i happen to wake up next to a certian wall with a  gate i hope that you are there",2008-05-30 23:58:56,
https://movie.douban.com/subject/1867345/,睡不醒大王,5.0,想起一句话：人只有在知道自己将不久于世时，才开始真正地生活,2022-09-18 13:56:15,
https://movie.douban.com/subject/1867345/,Cruella,5.0,我好像真的可以在电影里汲取勇气。,2022-10-22 21:01:05,
https://movie.douban.com/subject/1867345/,凭迹寻花事,5.0,"“爱德华带卡特体验了生命的宽度，卡特带爱德华体验了生命的深度。”
很美好的一部电影。
我从来不觉得死多么可怕，在我的观念里，死亡是一件很美好的事情。我甚至热爱死亡，因为我热爱生命（我并不认为这冲突。）
如果我的生命有意义，那么死亡将是一个完美的句号。
与其苦苦治疗等死，倒还不如享受最后的生命，然后平淡迎接死亡。
最后葬在雪山上那一幕真好啊。
都是自己喜欢的咖啡罐罐，两个罐罐放在一起。我甚至都能想象到，他们身后，在咖啡罐罐中每天早起拌嘴，中午拌嘴，晚上看美景～
这助理是真能干啊，他是真的理解这两个老头子。
最后甚至还把他俩的骨灰都放雪山上了，夸一波助理。
生命真好啊。
希望我可以像他们，有所成就，活得灿烂，最后平稳的给我自己的生命划伤句号迎接终点。",2023-01-29 02:03:02,
https://movie.douban.com/subject/24750126/,shininglove,4.0,这是迄今为止天蝎座人士在银幕上最大规模的集体展现。,2015-09-09 17:46:48,
https://movie.douban.com/subject/24750126/,赵纪存,5.0,客机坠毁背后有何惊天秘密？厨娘为何对顾客起了杀机？荒郊野外两车爆炸烧焦尸体怎会纠缠一起？爆破工程师炸毁拖车公司是有预谋还是耍脾气？顶包案背后是何种金钱利益？新郎新娘婚礼现场反目成仇与神秘女子又有何关系？请收看人间自保指南：《别刻薄 别冲动 别装逼 别较真 别贪婪 别约炮》,2015-05-10 14:42:17,
https://movie.douban.com/subject/24750126/,影志,5.0,“跟你做的比起来，我那做的都不算什么” 魔性十足，荒诞满分。每个人都有过一闪而过的犯罪念头，这部片子把我们没敢做出来的那部分呈现出来，狠狠戳中我们的软肋。这个世界总是如此厌倦又可笑。“没人不希望恶有恶报，但又没人愿意脏了自己的手。”,2015-06-16 18:49:45,
https://movie.douban.com/subject/24750126/,桃桃林林,4.0,始于荒诞，止于更荒诞。于我们，还是有很多共鸣的,2015-02-26 16:17:27,
https://movie.douban.com/subject/24750126/,CharlesChou,4.0,《天注定》与这一比除了形式之外皆落下风，虽然都是怒火中烧的爆发，前者一派阴郁充满戾气的基调，仿佛一切都是体制的错与人无关；而拉美人民告诉你个个文明人身体里都住着凶蛮野兽，用一场撕逼大戏结尾真是看得很爽。除了第一个故事很一般之外其它都相当惊喜。,2015-02-27 17:32:14,
https://movie.douban.com/subject/24750126/,匡轶歌,5.0,年度撕逼大戏，颁奖季最好也最好看的外语片之一。丛林心态下，所有的人都是animal，所有的故事都是蛮荒故事。精彩翻转，虽癫狂，细思却并不意外，生活实际的样子，远比这荒谬得多。某种意义上，<消失的爱人>是喜剧，<蛮荒故事>却是悲剧。因为前者是刻意的虚无，后者是真实残酷的白描。,2015-03-13 17:41:51,
https://movie.douban.com/subject/24750126/,文尔,5.0,人要有脾气。脾气发得不好就傻逼，发得好就牛逼。,2015-07-09 20:47:43,
https://movie.douban.com/subject/24750126/,办公室甜心,4.0,大家脾气都大得很哦,2015-06-15 21:39:00,
https://movie.douban.com/subject/24750126/,亵渎电影,4.0,如果硬要和贾樟柯的[天注定]相比，那科长的叙事节奏就像赵涛那张“演技派”的脸。片中6个小故事叙事包袱一抖再抖，这种一波三折的黑色故事确实很招人喜欢，它们的惊与喜、讽刺和无语都是显而易见的。我在想，大家都别整天想着抄《黑镜》了，这样的黑色操蛋故事整成一个剧集同样会是神作。★★★★,2015-02-24 21:11:07,
https://movie.douban.com/subject/24750126/,巴喆,5.0,人生的大喜大悲实在是太TM刺激了。8.6,2015-03-03 20:10:15,
https://movie.douban.com/subject/24750126/,seamouse,5.0,同样展现社会暴戾情绪的阿根廷版《天注定》，但要比后者艺术、幽默和高级很多。可以从中胡乱联想到马航、反拆迁、药家鑫、T3爆炸、深圳车祸顶包，外带一个巴尔干谅解式的合家欢结局。,2014-05-17 07:36:08,
https://movie.douban.com/subject/24750126/,亚比煞,4.0,所有故事无非想说这么一句:“你特么以为我好欺负吗？看我怎么弄死你”。也许现实中大家都忍够了吧，看这类故事觉得很解气，就给顶了这么高的分。借电影出口恶气之后，再回头继续忍耐自己的生活。,2017-02-05 23:33:17,
https://movie.douban.com/subject/24750126/,木卫二,4.0,碎片化的形式，有点像之前罗马尼亚一堆人鼓捣的《黄金时代的故事》，只不过这边是一个人拍的。观感挺不错，但说“经典”，还远远称不上。即便有的碎片很完整很精彩，像公路恶斗。也有作到死的相爱相杀，文青们的最爱。可是，终究缺乏一个形式上的统一，并且太容易分出高下。,2015-03-20 11:37:17,
https://movie.douban.com/subject/24750126/,谋杀游戏机,5.0,主竞赛黑马，阿根廷天注定，看过的都叫好。六个因仇生暴的小故事，每个都张力十足，戛纳巴赞厅里大笑不断。除了天注定，还有拉美版无人区、全民目击等等，差不多的故事，明显人家拍得更劲道。经典配乐、独特角度的运镜也很风格化。不知评委之一的贾樟柯看了作何感想？,2014-05-17 07:33:35,
https://movie.douban.com/subject/24750126/,kookbug,5.0,看得爽爆了！为什么要忍耐假装？为什么要粉饰太平？为什么要扮演文明？爆发啊！撕扯啊！杀戮啊！玉石俱焚啊！鱼死网破啊！同归于尽啊！,2021-08-11 22:23:35,
https://movie.douban.com/subject/27059130/,水原吸管,4.0,「雖然現在已經是太空時代了，人類可以搭乘太空船到達月球，但卻沒辦法看穿每個人心裡的宇宙。」,2017-10-14 16:37:46,
https://movie.douban.com/subject/27059130/,蒲末释,5.0,人生好孤独啊，我们作为朋友，你却一点不了解我；我们作为爱人，你却要杀掉我；我们作为亲人，你却要欺骗我。就让我做一个追逐海浪的人好了，没有故乡，在世界上仅剩的一张摇篮上，抱着你的遗像，用沉默祝福你，用愤怒度化你，用夏天的雨纪念你。,2018-02-05 21:44:17,
https://movie.douban.com/subject/27059130/,西楼尘,3.0,你知不知道有一种说法，说人白天诵经文，晚上会梦鬼神，因为在消业障。为了图安眠，有人躲进满是娃娃的太空舱，有人躺在浪涛声声的吊床上。有人掉光了发，有人被鬼神扰。人生希微得说不出一句话，命运憋闷得出不了一口气，谁不是躲在大佛腹中诵经的人？后来有个人替我诵，说噩梦他来做，而功德都赠我。,2018-04-03 23:50:45,
https://movie.douban.com/subject/27059130/,根,4.0,看到“我要你干我”的时候家里人推门而入，真的百口莫辩,2018-02-16 21:05:09,
https://movie.douban.com/subject/27059130/,同志亦凡人中文站,4.0,有点茶馆听说书的感觉。市井乡氓的卑贱生活，乱象丛生的台湾社会，咿咿呀呀的旁白带来拍案惊奇的效果。在低俗猥琐中接地气，在黑色荒谬中怜悯，人生已是烂泥打滚，揣着一颗佛心才能普度——对小人物来说，平安是福...,2018-02-16 09:12:43,
https://movie.douban.com/subject/27059130/,亚比煞,5.0,你永远不会知道他人的皮囊之下，到底藏着什么样的秘密。就像你不会知道，万人朝拜的菩萨肚子里有一具死尸，也不会知道一个收垃圾的大叔，屋子里摆满了洋娃娃。,2018-04-06 09:47:44,
https://movie.douban.com/subject/27059130/,丁一,4.0,"树顶仔一只虎头蜂，
莲雾开花满树红，
电影色彩阶级学，
有钱人的世界是彩色的，
三餐海产呷鱼块，
假发一天不戴不安心，
闽南三尺有神灵，
大佛肚中众生相，
一口一个阿弥陀佛，
一口一个干你娘，
念念不忘，
必有回响～",2018-02-20 21:05:29,
https://movie.douban.com/subject/27059130/,谢飞导演,3.0,有着多年纪录片制作经验的一位老电影人的故事长片处女作。它打破各种框框，处处是惊喜，是新意。只是展示多于描绘，噱头多于深入，影响了作品的厚度及观众的理解。,2018-11-13 18:35:22,
https://movie.douban.com/subject/27059130/,未亚,4.0,菜埔对着小叔吞吞吐吐屡次被打断那一段最悲伤。那一瞬间希望有人听他说话，哪怕一秒。,2021-06-26 00:08:12,
https://movie.douban.com/subject/27059130/,木卫二,4.0,黑白影调与有钱人的生活是彩色，似乎把问题抛向了绝望的阶层分化，但弁士说书人的口吻，兼有道听途说的打趣和人生空空如也的抒情，巧妙地渗漏掉老司机开车上路的金钱性事狗血，完成黑色幽默到虚无文艺的主旨提升。谈笑风生间是轻松加愉快，但不知道为什么，总有种让人想哭的吴念真·酸。,2017-11-21 16:08:00,
https://movie.douban.com/subject/27059130/,大島,5.0,"那时我们还太年轻,不知道上帝已经在暗地里给每个人都准备好了最后一顿饭。",2018-03-06 21:47:37,
https://movie.douban.com/subject/27059130/,芦哲峰,4.0,世间权钱二字，人分上下两流。上流锦衣玉食，骄奢淫逸，干尽下流的勾当；下流残羹冷炙，囊空如洗，只以上流为榜样。大佛虽有，信仰全无，又能怎样！,2018-02-27 11:45:32,
https://movie.douban.com/subject/27059130/,焚紙樓,2.0,不黑不色不幽不默。,2017-11-08 17:22:41,
https://movie.douban.com/subject/27059130/,裘笛,5.0,這不完全是黑白片唷。因為有錢人的世界是彩色的。以黑色幽默包裹的社會寫實劇，很貼近台灣社會。導演黃信堯後設的口白，不僅是趣味，也巧妙中和了故事裡那種幾乎沒有出口的黑暗抑鬱。社會階級分化，貧富差距，宗教政經的金玉其外敗絮其中，諷刺的超到位。拍了一個很棒的結局,2017-10-15 22:25:57,
https://movie.douban.com/subject/27059130/,陈哈,5.0,有佛无慈悲，有性无爱，有法律无公正，有警察无正义，满满的绝望。“当然有困难...对他们来讲，无论是出太阳还是下雨，都会有困难，但他们没办法去想生命的困难...社会常常在讲要公平正义，但在他们的生活之中，应该是没有这四个字，毕竟光是要捧饭碗就没力了...”,2018-02-16 17:01:25,
https://movie.douban.com/subject/3075287/,denovo,5.0,这部电影告诉我们，最重要的不是想出一套没有硬伤的“科幻”元素，而是讲一个好故事。,2011-04-16 20:05:25,
https://movie.douban.com/subject/3075287/,D I D A,5.0,竟然看到短评里有人言“结局累赘”、“如果一切停在这个吻就完美了”。卧槽，两位琼瑶剧迷请勿玷污科幻电影的SF之神好么！！！！可以说，影片3/4之前的剧情是立意新颖但仍中规中矩的悬疑惊悚片，但是结尾处的1/4剧情简直达到了科幻电影的肾上腺素暴表线。这个结局甚至比《月球》更加悬幻陡峭.,2011-07-19 01:04:03,
https://movie.douban.com/subject/3075287/,画下天籁,5.0,还好结局不是停在最后那一吻上，否则我给不了五颗星。希望在美好时停住，其实是内心脆弱的表现。从美好开始，延续下去，才饱含未来充满的坚强和希望的力量。谁的人生没有遗憾？但你要相信，在另一个世界，那些遗憾会被弥补。,2011-06-28 19:42:33,
https://movie.douban.com/subject/3075287/,tower,5.0,"如果画面停在最后一吻上,就完美了.",2011-04-05 03:02:50,
https://movie.douban.com/subject/3075287/,等一个人,5.0,牛B的本子，邓肯·琼斯没有淹没在好莱坞的体制中，继处女作《月球》之后再度奉献出一部精彩绝伦的科幻作品，唯一的遗憾就是在技术层面给出的解释不够充实，结尾稍显多余。,2011-04-19 15:42:16,
https://movie.douban.com/subject/3075287/,seren,4.0,平行世界理论一定是真的，我坚定不移的相信着,2011-04-08 07:09:01,
https://movie.douban.com/subject/3075287/,易老邪,4.0,居然有那么多人认为《源代码》最完美的结局应该是定格在最后那一吻上，由此可见，真要这样结尾够有多么的恶俗不堪啊。,2011-07-13 20:26:27,
https://movie.douban.com/subject/3075287/,A L E X,5.0,"很久没有看这种结构的电影了，所有一切都很赞，而立之年的Jake更多了一份稳重内敛，碧蓝的双眼温暖至极。最后看哭了。i'm asking you,just send me back in, then switch me off. Everything is gonna be OK.",2011-04-07 11:57:54,
https://movie.douban.com/subject/3075287/,ParasItE,4.0,如果结局停在那一吻我就给四星半了。,2011-04-03 13:19:30,
https://movie.douban.com/subject/3075287/,砒霜拌飯,4.0,太憋屈了，不是太空舱就是火车厢，幸好他最后出去了，要不得憋死我,2011-06-19 23:04:49,
https://movie.douban.com/subject/3075287/,vin,4.0,最后3分钟有点画蛇添足。,2011-04-02 04:53:06,
https://movie.douban.com/subject/3075287/,Ефан,5.0,昨晚和Kirill一起去看的      看完的唯一疑问是真正的Shawn跑到哪里去了!!!!,2011-04-22 15:09:02,
https://movie.douban.com/subject/3075287/,makzhou,4.0,不赖，但是看着没什么心潮澎湃的感觉，激动不起来,2011-04-06 09:43:41,
https://movie.douban.com/subject/3075287/,玎老师大声疾呼,4.0,全片最喜欢的片段是，从古德温角度看男主只是文字。不知道为啥很戳我泪点,2022-02-12 22:45:22,
https://movie.douban.com/subject/3075287/,米粒,5.0,真好看！从一开始就情节紧凑，抽丝剥茧，但最牛逼的是你以为噢原来是这么回事啊，结果根本不是这么回事~！！月球的导演就是牛逼阿~~T_T斗胆给出五星，因为我看得很感动，最后的片段让我想起来《阿凡达》里面最后突然睁开眼睛的镜头。喜欢佳能那部《LEAVE ME》的同学不要错过了~,2011-04-02 08:15:16,
https://movie.douban.com/subject/34874432/,拽拽歪歪&YY,4.0,所以说上班这件事基本可以杀死全世界99%的故事,2021-07-25 07:33:36,
https://movie.douban.com/subject/34874432/,一杭,5.0,你的男朋友，本来读诗集，现在翻成功学；本来玩塞尔达，现在玩消消乐；本来豆瓣骨灰级别用户，现在永久退出豆瓣，加入 996 大军并且被成功洗脑 996 赛高；而你还在读诗歌还在玩塞尔达还在刷豆瓣 —— 所以怎么可能不分手呢？穷是原罪，多少烦心事不都是生活所迫。最喜欢的一处是村花看到苏打在工作于是调低游戏音量，苏打想让她尽兴地玩、叫她调大音量，自己戴上了耳机，最后村花直接关了游戏。明明都是想照顾对方的感受，但最后两个人都不快乐。最好的爱情或许只有一个样子，就是全力满足自己的快乐，而对方恰好出现在每一条让自己快乐的路径里。要的就是那个“恰好”，不做任何刻意的努力。PS1. 苏打村花真好嗑 PS2. 片尾我都认真看完了，因为漫画真的很有爱 PS3. 即使最后要分手，谁不想拥有爱情里最美好的部分呢。,2021-07-25 13:54:21,
https://movie.douban.com/subject/34874432/,哦吧唧,3.0,在电影院看的，最喜欢餐厅的那场戏，两方都决心分手，最后一刻男主反悔的挽留，不如结婚吧，成为绝大多数的夫妇，成为爸爸和妈妈，没有爱情也没关系，我们可以成为亲人。可是撞进来的小情侣和曾经的他们这么相似，我知道我们相爱时的模样，所以才无法忍受现在的难堪。,2021-05-15 01:46:29,
https://movie.douban.com/subject/34874432/,TOKO,4.0,文艺青年能想到的最浪漫的爱情，在初识的雨夜奔跑，文艺爱好百分百合拍，告白后在红灯前拥吻，在出租房连续做爱一周，在有大阳台的房子同居，在新年参拜捡到一只猫，然后因为长时间的消耗和平分手，在旧地缅怀过去，还会在下雨时候想起你，像极了渴望爱又不相信爱的人们的幻想。,2021-01-31 13:08:24,
https://movie.douban.com/subject/34874432/,4__real,4.0,“进入社会就像进浴缸泡澡。”于是真的有人在浴缸中死去。,2021-02-03 19:12:31,
https://movie.douban.com/subject/34874432/,デブリ,3.0,青春，就是会因报菜名而相爱。,2021-07-22 22:36:50,
https://movie.douban.com/subject/34874432/,雪山夜叉,5.0,靠消费主义维系的恋爱是抵抗不了资本主义秩序的。,2021-02-12 21:40:32,
https://movie.douban.com/subject/34874432/,SJL豆瓣酱,4.0,这部电影告诉我们的可能并不是“越合拍的人越没法在一起”这种日剧截图道理。而是靠消费主义（即使是披着文艺外皮的小确幸文化）也并非对抗资本主义对爱情异化的良药。“要用你的生活来定义浪漫，不要用浪漫来填充它”，不要将任何一种刻意姿态或者内容消费倾向当作浪漫的表现，不要将合拍挂钩到一起听个小众乐队，一起看个杨德昌电影，一起读个小众作家，甚至一起穿匡威开口笑，这多可笑，这不是一种成熟的浪漫观，这恰恰是一种幼稚的，刻奇的，自恋的表现。不要把生活和责任放在浪漫的对立面，保卫周遭，保卫和正视现实生活也是一种浪漫的表现。,2021-08-26 22:34:45,
https://movie.douban.com/subject/34874432/,Sophie  Z,4.0,我们都快忘记的事，Google街景还记得。,2021-07-26 09:08:58,
https://movie.douban.com/subject/34874432/,库索,5.0,又名：和百分之百合拍的人说再见。,2021-01-30 19:06:41,
https://movie.douban.com/subject/34874432/,#鼓鼓#,4.0,书影音没法支撑恋爱，建议豆瓣把该片挂在开屏。,2021-08-15 13:17:11,
https://movie.douban.com/subject/34874432/,scenel,4.0,这种合拍其实还挺肤浅的，人们可能总是高估了共同爱好的重要性。,2021-08-02 23:16:15,
https://movie.douban.com/subject/34874432/,帷野久,4.0,爱情就像耳机听歌一样，不要一左一右拿来分享，这样两个人听的是完全不一样的曲调。在爱里，应该双方分别戴好自己的耳机，只要知道此刻眼前的这个人和我在听着同一首歌，类似于这样的陪伴就够了。不要求什么，只学会接受，把每一项馈赠当作生命中的惊喜来接受，并且有能力给对方同样的馈赠和同样的惊喜，不抱任何奢望，不做丝毫强迫。总之就是“自由”而已。,2021-02-18 16:57:44,
https://movie.douban.com/subject/34874432/,Manatsu,4.0,始于同好共鸣的文青恋爱死于柴米油盐。（坂元裕二好懂,2021-02-15 15:32:59,
https://movie.douban.com/subject/34874432/,太空船,4.0,现在的iPhone可以同时控制两对AirPods了,2021-08-17 03:09:00,
https://movie.douban.com/subject/2133323/,赫恩曼尼,5.0,"加缪说：“人生的意义，在于承担人生无意义的勇气。如果你一直在找人生的意义，你永远不会生活。”自勉。To see the world, things dangerous to come to. To see behind walls, to draw closer. To find each other and to feel. That is the purpose of life.",2017-01-11 21:58:16,
https://movie.douban.com/subject/2133323/,桃桃林林,3.0,还是前部分更有趣，大玩脑内小剧场，估计很多爱做白日梦的人都有这种体验吧。不过这个主题最终转向了必须走出去，just do it这种。世界风景无限好，宅男啥也干不了。太鸡汤，也太浅了,2014-03-26 06:16:16,
https://movie.douban.com/subject/2133323/,亵渎电影,3.0,本来是年度最期待，因为之前谈过一个类似的剧本，一个摄影师因为一个遗愿走遍世界各地，亲情一丝一缕的被维系，眼里是一片大陆的变迁。这片子的创意差不多，只是执行力太差，情节都是好莱坞这类电影中被用烂的陈词滥调，幸好还有剧本的那点想象力，主流的美式价值观注定也只能是心灵鸡汤了。★★★,2013-12-26 13:37:59,
https://movie.douban.com/subject/2133323/,陈哈,5.0,美好从来不主动寻求关注。,2014-04-25 15:33:33,
https://movie.douban.com/subject/2133323/,打雷要下雨雷欧,5.0,其实早就想到25号底片大概是什么了。预告片准确给到了全片精华，正片反而是收着来的，西恩·潘的点睛之笔看到热泪盈眶，可以说Ben作为导演不够商业甚至专业，但本片对生活本质的触碰却异常深刻，况且风景和原声也值回票价了……stop dreaming，start living，喊口号的有很多，能真正做到的又有多少呢,2014-01-06 23:28:08,
https://movie.douban.com/subject/2133323/,A-sun*,5.0,好好看！电影从表面上来看，是对纸媒文化的衰败默哀，实则却是悼念着正在消失的记者精神。为了拍火山爆发而把双脚绑在飞机翼，为了拍雪豹而在雪山装成一块岩石…这些都是不复再的记者精神。年度五星推荐😭😭😭,2014-04-11 23:42:56,
https://movie.douban.com/subject/2133323/,仙剑风晨,4.0,在片中《LIFE》杂志闭刊号封面出现的那一刻，我完全被击穿了。,2014-01-19 00:35:48,
https://movie.douban.com/subject/2133323/,福娃迎迎,4.0,如果你见过格陵兰，喜马拉雅和冰岛的火山，就再不会被生活打败。,2014-06-28 19:16:51,
https://movie.douban.com/subject/2133323/,同志亦凡人中文站,3.0,只能看看风景，其他...就没有其他了。白日梦是噱头，到后面连噱头都省了！呸！,2014-04-09 21:11:03,
https://movie.douban.com/subject/2133323/,荔枝超人,4.0,不是心灵鸡汤，是我等老男人非常受用的心灵老鸭汤。,2014-01-14 21:09:32,
https://movie.douban.com/subject/2133323/,自由极光,5.0,在香港看的，跟一个很喜欢的人，现在想起这个片子就很幸福。,2014-05-01 09:02:36,
https://movie.douban.com/subject/2133323/,憨大仁,5.0,是时候让梦想照进现实了,2014-01-07 23:44:33,
https://movie.douban.com/subject/2133323/,我是大皮哥,4.0,喜剧片中将大自然风景拍得最美的、风景片中拍得最富喜剧感的、会拍风景的喜剧片中配乐最燃最激昂的、风景好配乐佳的喜剧片中预告片剪得最热血沸腾的。自导自演的本·斯蒂勒交出了一份令人满意的答卷，用标志性的冷面滑稽演绎了一部献给所有有过白日梦的观众的心灵鸡汤。Stop Dreaming & Start Living,2014-01-25 22:12:13,
https://movie.douban.com/subject/2133323/,顾靳,3.0,没想到居然有这么无聊的公路片，而且怎么感觉有点意淫爽文，特别是最后底片揭晓的那段，简直幻视在喜欢的人面前装了一波大逼的普男翻身打脸流，路明非看了都觉得诺诺在全班同学面前用迈巴赫接他的场景不够爽,2023-09-01 00:09:45,
https://movie.douban.com/subject/2133323/,影志,4.0,“认识世界，克服困难。洞悉所有，贴近生活。寻找真爱，感受彼此。这就是生活的意义”、“美好的东西从来不会寻求关注”上一部本·斯蒂勒自导自演还是08年《热带惊雷》，没想这部竟来了个如此大的转变与惊喜，走走停停，简单生活。“如果我很喜欢某个瞬间，只想享受在那一刻。Stay in it. Right here”,2014-11-02 18:17:04,
https://movie.douban.com/subject/25934014/,奇奇弟弟,3.0,不过是一个很俗套的故事。复古还真的一点都没看出来，把洛杉矶拍得像instagram旅游号，高司令从头到尾一副刚睡醒的样子，和那些经典音乐剧电影比起来缺少太多质感。现在连卖给少女的春药都是那么的廉价。,2016-12-13 05:48:21,
https://movie.douban.com/subject/25934014/,C.W,5.0,这部电影有多好呢？想象这样一个场景：二十年后的一个傍晚，你开着车(或者车载着你)在回家的路上，突然扬声器里开始放起这首电影里的旋律，听到第一个音符的一瞬间，所有的情绪全都涌上来，就好像二十年前的那个夜晚你第一次听到它们的时候那样。,2016-12-16 16:48:26,
https://movie.douban.com/subject/25934014/,桃桃林林,5.0,最后两人一吻上，眼泪就完全止不住，最后一直是痛哭。那段蒙太奇展示的就是电影的魔力啊！生活给不了的，电影可以给你，是那么浪漫、那么神奇的情感再现，最佳的电影造梦时刻。而至于理想、爱情、迷影、歌舞片、怀旧等等其他元素和小技巧反而可以放在之后了。最感慨的仍是电影的魅力，做一场电影梦吧！,2016-12-18 20:05:12,
https://movie.douban.com/subject/25934014/,Noe,5.0,看這部片會想起的那個人，一定是忘不了的,2016-12-14 23:52:32,
https://movie.douban.com/subject/25934014/,L'automne,5.0,各自梦想实现之时，发现梦想似乎不那么重要了。假如可以重来，我会在第一次见面时吻你，推掉工作来看你的第一次表演，随你搬到巴黎去，巴黎也有好的爵士乐，在把孩子丢给保姆的夜晚，开车带你去吃饭，然后一起走进酒吧，听别人弹奏我曾经做梦都想弹奏的曲子。可惜，现实中没有如果，但电影和想象里有！,2016-12-27 23:26:04,
https://movie.douban.com/subject/25934014/,寇国威,3.0,验证了语文老师的话：只要开头结尾精彩，中间无所谓。,2017-01-27 12:55:29,
https://movie.douban.com/subject/25934014/,Mo,3.0,前一个半小时都在出戏 从5 years later之后才有点感觉 觉得想找布达佩斯大饭店的画风失败 想找伍迪艾伦的文艺失败 想找宝莱坞电影一言不合就歌舞失败 唯独成功是最后的平行世界桥段 算是能赚观众一点同理心,2016-12-26 10:47:13,
https://movie.douban.com/subject/25934014/,Safina_,5.0,我们在穷困潦倒时爱得一塌糊涂，却无法在各自功成名就时手拉手出门散步。,2017-02-11 22:09:53,
https://movie.douban.com/subject/25934014/,亵渎电影,4.0,年度十佳！最后在情字上找到了一个引人共鸣的点，人生就是一个不断追逐梦想的旅程，在某个时间点上，一个人遇到一个人，他们一起成长，相互鼓励，有美好，有痛苦，有成长，有遗憾，这就是人生。导演非常成熟老道，不仅有野心，也有足够的才华，歌舞元素几乎就是整个歌舞片的发展史，适合迷影爱好者。,2016-12-18 22:37:42,
https://movie.douban.com/subject/25934014/,眠去,4.0,最动人的永远是梦想和爱情。但我们没有在一起，这就是现实。,2017-02-11 21:54:11,
https://movie.douban.com/subject/25934014/,哪吒男,4.0,你可以无限接近电影，当演员，写剧本，挨着英格丽·褒曼的照片睡觉，在《卡萨布兰卡》的阳台外上班，但生活永远不会成为电影。梦醒时分你看着与你共浴亦真亦幻的泡影中人，转头，微笑，离开，这或许是人生最像电影的一刻。,2017-01-22 19:44:42,
https://movie.douban.com/subject/25934014/,同志亦凡人中文站,5.0,今年最浪漫唯美的爱情电影，很多段落让人有重温“雨中曲”的感觉。是爱乐之城，也是星光之城，还是梦想和现实缘起缘灭的地方。事实证明有个好的结尾多么重要，它让原本平淡无奇的叙事一步登天！多一星给石头，明年奥斯卡影后坚决站定你～,2016-12-10 13:26:38,
https://movie.douban.com/subject/25934014/,paul屋,3.0,本年度最被高估的片子就是La La Land了 一个八五后导演的野心之作 可惜阅历不足 剧本各种尴尬俗套 各种故作姿态 浪费了两个优秀演员的表演,2016-12-16 10:40:49,
https://movie.douban.com/subject/25934014/,白日美人_S,5.0,预告片里说得没错，已经没有人在拍这样的电影了。即使不是年代戏，手法和色彩运用也极具年代感。满足了外人对这座城的一切幻想，又为身在洛杉矶的人拍出了这座城会让你遍体鳞伤的事实。他是真的很爱洛杉矶。 在洛杉矶看La La Land真的是太奇妙的体验。很特殊的感情。,2016-11-17 13:43:35,
https://movie.douban.com/subject/25934014/,枫小莫,5.0,十年前一部恋恋笔记本，十年后一部爱乐之城。说的都是错失的梦想和爱情，演的都是浪漫的不着调男文青和性格张扬又复古风格的美国小妞。今夜愿你们都与爱人共舞，永浴浩瀚星河。,2016-09-19 12:59:08,
https://movie.douban.com/subject/3592854/,澜瑟,4.0,情节？情节？老子的贝斯都可以喷火了！还要特么什么情节！,2015-05-18 12:15:25,
https://movie.douban.com/subject/3592854/,浅显,5.0,除了燃，Mad Max 4还说了一件事。背井离乡七千天，无一日不惦念。不论眼下多苦，相信只要回头就有希望，因为那里是丰饶的绿洲。但这终究只是个幻觉。离开家乡越久，幻觉越严重。你以为逃离能解决一切，但真正的胜者不是寻找green land的人，而是改变wasteland的人。,2015-05-14 19:05:27,
https://movie.douban.com/subject/3592854/,陀螺凡达可,5.0,近年来最具作者性最有风格的好莱坞动作片，且完成度极高，其存在堪称奇迹。单是前30分钟就已经嗨翻天，风暴戏的配乐简直神来之笔！邪典味的疯劲贯穿全片，文戏少没废话直接爽，如此雄性的动作电影竟然没有直男癌反而讲了一个女性觉醒的故事，片中每一个女性角色都实现了自我价值。PS：电吉他碉堡了！,2015-05-14 16:34:54,
https://movie.douban.com/subject/3592854/,Minisong,5.0,实在还是有点不能接受这导演还拍了快乐的大脚。。。到底有多分裂才能在这两种风格之间转换啊！2015最酷爽，真·速度与激情,2015-05-17 03:58:26,
https://movie.douban.com/subject/3592854/,同志亦凡人中文站,5.0,热血与烈火、青空与黄沙的狂暴之路，违反各种美学却让人胸腔炸裂的末日邪典。坚信“女人不是物体”的塞隆女神简直屌炸天！文明崩坏后人类终于要重回母系时代了——还有比这更治愈直男癌的吗？？！！,2015-05-14 09:15:12,
https://movie.douban.com/subject/3592854/,木卫二,3.0,核辐射末日美学……不能大银幕欣赏，只能这样了。,2015-07-08 11:32:32,
https://movie.douban.com/subject/3592854/,L'automne,4.0,全程内心戏都是：【卧槽！还有这种操作！……】,2015-05-14 22:35:15,
https://movie.douban.com/subject/3592854/,小A,5.0,勉强上5星。很爽，这个爽并不来自动作，而来自各种邪典的设计。镜头和剪辑也很到位。有些邪典设计实在太逗了，一帮人开着改装车掐架，旁边还有个弹吉他助威的，后面一片大喇叭，这个场景可以进年度邪典场景前10了吧。,2015-05-13 05:10:35,
https://movie.douban.com/subject/3592854/,米粒,5.0,简直high爆了，前三十分钟已经让人目瞪口呆好几回了，但这电影基本没有要停下来的意思啊，如果一定要分成五六段的话，每两段之间的文戏只有大约三十秒，然后又开始High。。汤老湿前三分之二都没啥台词已经被帅cry，后面掀翻史上最炫酷公路乐队之后开始有台词了完全让人招架不住嘛！,2015-05-15 07:12:35,
https://movie.douban.com/subject/3592854/,A L E X,5.0,硬摇末日公路片，一定要刷IMAX，一定要刷IMAX，一定要刷IMAX，重要的事情要說三遍,2015-05-15 15:43:37,
https://movie.douban.com/subject/3592854/,朝暮雪,4.0,我感觉女主一个人可以把《速度与激情》一群男的全都打一遍。,2015-07-04 23:56:29,
https://movie.douban.com/subject/3592854/,GunnerCY,4.0,教无脑CG片做人的节奏。,2015-05-14 21:32:35,
https://movie.douban.com/subject/3592854/,芦哲峰,3.0,黄沙漫漫，一路追逐一路干。末日疯狂，不死不残不算完。,2015-06-25 09:15:03,
https://movie.douban.com/subject/3592854/,徐小猴,5.0,怎么办，如果这个给五星，其他给过三星的公路电影都得改成一星,2015-05-19 02:01:03,
https://movie.douban.com/subject/3592854/,红豆♥,3.0,果然干掉弹吉他那个才是最重要的，因为他们打仗最需要的是气氛…………,2015-09-04 02:55:41,
https://movie.douban.com/subject/1308857/,罗弘霉素,5.0,分不是给你陆川的，是给那些人,2010-03-02 05:46:44,
https://movie.douban.com/subject/1308857/,徐小花,3.0,不是路川会做的更好,2006-09-23 17:03:05,
https://movie.douban.com/subject/1308857/,love mime,5.0,“你看过磕长头的人吗？他们的脸和手特别脏，但他们的心特别干净。”,2009-01-23 00:18:58,
https://movie.douban.com/subject/1308857/,三丁,5.0,看了陆川近年的作品...觉得这片绝壁不是他拍的,2010-04-13 12:25:24,
https://movie.douban.com/subject/1308857/,小白新之助,5.0,巡山队卖皮子赚补给，才能买汽油、买食物继续在恶劣的环境中追捕盗猎者。“用死去的藏羚羊来保护活着的藏羚羊”,2021-05-25 15:27:01,
https://movie.douban.com/subject/1308857/,峰峰峰峰,4.0,见过磕长头的人吗？他们的手和脸脏得很，可他们的心特别干净。我卖过皮子，可我没办法。,2014-04-12 18:11:03,
https://movie.douban.com/subject/1308857/,西楼尘,3.0,那段活埋的戏，没有配乐，让人窒息，不能释怀。陆川大家曾经对你寄托了多少希望啊。,2014-03-04 20:16:35,
https://movie.douban.com/subject/1308857/,King Sitcome,4.0,在中国，你就玩儿写实主义就行了——无论你看哪个阶层、哪个方面，都能震的你哑口无言、无言以对。那真是一种残酷美~···,2011-05-01 13:41:20,
https://movie.douban.com/subject/1308857/,战国客,4.0,只能说陆川选对了题材~~,2008-03-18 14:05:25,
https://movie.douban.com/subject/1308857/,兮称,5.0,带给我的震撼远远超过电影本身,2013-12-16 23:15:12,
https://movie.douban.com/subject/1308857/,宇宙,5.0,陆川的寻枪之前看过  没啥感觉 但是这部可可西里 应该向他致敬,2008-04-28 14:42:47,
https://movie.douban.com/subject/1308857/,理想多钱一斤啊,5.0,这次真不是因为陆川成功抢占道德制高点。看得我口干舌燥。,2010-05-11 11:46:57,
https://movie.douban.com/subject/1308857/,笑挽冷风,3.0,很不错的题材，只是没能更深层次的抓住人心，不够感动,2016-03-29 21:28:43,
https://movie.douban.com/subject/1308857/,kakakarl,3.0,因为题材和拍摄环境的艰苦而被过誉的电影。,2023-07-18 23:02:29,
https://movie.douban.com/subject/1308857/,Sunshine娜,4.0,没有歌颂，没有讽刺，没有批判，没有鞭笞，充斥全片的只有绝境中的挣扎，与自然抗争，与盗猎者抗争，与自己抗争。,2017-05-15 23:38:54,
https://movie.douban.com/subject/4848115/,影志,4.0,“感情不分草食肉食” 豆瓣评分加分法则：小清新加分，成长加分，治愈加分，卖萌加分，卖腐加分，又是日本的，加分，还是动画，再加分，这么七加八加就加成了一部豆瓣8.9分电影。★★★☆,2011-05-18 00:03:58,
https://movie.douban.com/subject/4848115/,水仙操,4.0,成长、亲情、动作、励志、治愈、搞笑、惊悚、史诗、卖萌、卖腐、名著改编一个不少！谁说非我族类其心必异？明明是天下大同好么！看我头像就知道这种人设完全是狠戳我萌点啊！,2011-03-10 19:43:00,
https://movie.douban.com/subject/4848115/,张天翼,4.0,从听到山口声音的一刻，就完全代入犬夜叉了。长颈龙们跺脚迎敌，然后全体晕掉——赵大叔说什么来着：你跺你也晕,2012-03-26 18:28:23,
https://movie.douban.com/subject/4848115/,啊喔哦,4.0,从此萌上恐龙了！,2011-03-10 21:04:09,
https://movie.douban.com/subject/4848115/,黄青蕉,5.0,怎么看都是个大悲剧啊！！最后……这群萌萌的恐龙们……全都灭绝了。,2015-04-04 14:02:51,
https://movie.douban.com/subject/4848115/,扌,5.0,这个故事告诉我们霸王龙也是可以过肩摔的！！！！！！（小甲龙的声音怎么可以这么萌T▽T（话说这片是天然腐啊兄弟爱父子情敌友CP啥的,2011-03-10 23:22:58,
https://movie.douban.com/subject/4848115/,peggie,5.0,无论你去往何方，不管何时何地，我都会永远永远的爱着你。,2011-03-20 23:53:36,
https://movie.douban.com/subject/4848115/,谋杀游戏机,4.0,电影宣扬的是一种自我牺牲式的爱，很欣慰最终并没有否认弱肉强食，也没有出现赵氏孤儿般的复仇。不似迪士尼动画清一色的大团圆结局，世界就在这样的既定秩序下不平衡地平衡着。“很美味”小朋友严重戳中萌点哦。,2011-04-09 21:47:30,
https://movie.douban.com/subject/4848115/,牙3牙,5.0,童年时彩色的果子和森林，迷路时被莫名其妙的青色包围，可以开心吃肉的平原是一片金黄，小甲龙的盔甲粉橙搭配得真奇怪，面对父亲的时刻不知为啥周围变得灰暗，遇见情人日子天空澄净如许，和妈妈告别时下着白茫茫的雪……嗯，感谢妈妈你让我来到这个七彩斑斓的世界。,2011-03-09 21:23:48,
https://movie.douban.com/subject/4848115/,弗朗索瓦张。,3.0,曾经被这个系列的漫画感动到哭。电影版努力融合了原版的几个故事，但最终把原作的悲剧改成了温情，催泪效果因此减弱。一定要看原作。,2011-03-18 13:59:39,
https://movie.douban.com/subject/4848115/,浑浊儿,5.0,不好这么萌 会被吃掉的 o(TヘTo),2011-03-11 20:15:27,
https://movie.douban.com/subject/4848115/,xm,5.0,治愈。希望霓虹也能在地震中恢复起来，warm hug,2011-03-14 14:34:09,
https://movie.douban.com/subject/4848115/,胤祥,4.0,看了看评论木有人发现这是个其实就是个黑帮片么，Heart是典型的很能打的不良少年啊，山口胜平的配音也走的是黑帮片路子。画风不错，挺萌的。,2012-08-25 22:48:58,
https://movie.douban.com/subject/4848115/,Wishbao,5.0,萌爆了~~~ umaso到底是神马龙呢=..=?,2011-03-07 00:37:23,
https://movie.douban.com/subject/4848115/,沉歌,4.0,这把年纪还被这种软绵绵的东西萌得一塌糊涂，唔~~~哈特攻，莱特受，这是年下伪兄弟~！！,2011-03-29 19:28:55,
https://movie.douban.com/subject/2209573/,Lucifer,4.0,贾米尔和他的哥哥不是两个个体，而是人在苦难环境中的两种选择，一个始终怀有赤子之心、爱心、同情心，相信奇迹、美丽、爱情等一切美好的东西，一个被迫选择用暴力和残酷将自己武装。这不是人的错，而是时代的悲剧，即使如此，在黑暗的世界中贾米尔发出的人性光芒如同正午的阳光一样耀眼得让人不能直视,2012-11-07 01:23:04,
https://movie.douban.com/subject/2209573/,镜听,4.0,"想了想，还是给了四星——其实我觉得它没有那么好。动人的音乐，流畅的节奏，美丽的画面——纵然肮脏也是美丽的，自始至终都充满了那种顽强的，不可遏止的生命力。
但还是觉得……无论如何都有着欧美导演看东方那种猎奇的意思。这种“猎奇”对我们来说其实也是一样——繁华与污秽并存的孟买，阳光尘土中的泰姬陵，黑暗的街巷，垃圾堆上的贫民窟……包含的元素和符号太多了。固然有着野心和足够的手段，但同时也会冲散很多东西。
大概还是心存警惕。不过无论如何，丹导还是有两把刷子的……这年头会讲故事的导演已经不多了。",2009-09-05 23:54:26,
https://movie.douban.com/subject/2209573/,jiyun,5.0,"杰玛在老大家中劝拉媞卡跟他一起逃走。
拉媞卡：那我们靠什么生活？
杰玛：爱。

这就是现实中爱情和电影中爱情的差距。",2009-02-27 23:19:52,
https://movie.douban.com/subject/2209573/,苏比,3.0,近年最弱金像影片。,2009-03-22 23:21:33,
https://movie.douban.com/subject/2209573/,偏时差,3.0,主持人真的很像毕福剑,2009-01-15 17:46:11,
https://movie.douban.com/subject/2209573/,掀桌超人,5.0,"得2000万的时候全场欢呼，我却哭了，为他哥。life is shit, but god is great.",2010-05-23 13:26:03,
https://movie.douban.com/subject/2209573/,海心,5.0,他亲吻着她脸上的疤痕，那是为他而受的伤害。这片子挺感人的，可是，现实中又有谁能如此坚持，等待命中注定？,2009-01-04 20:02:20,
https://movie.douban.com/subject/2209573/,.,5.0,"杰码劝拉提卡逃走时，拉提卡问他我们靠什么生活，杰码说靠爱。
他能说出这种浪漫不现实答案，是因为他哥哥为他抗下了一切不堪的现实。",2020-04-18 23:42:27,
https://movie.douban.com/subject/2209573/,影志,4.0,just a love story again 基本上就是：《上帝之城》+《猜火车》+《阿甘正传》+《开心辞典》！本片又名：山寨富翁 / 阳光小阿三 囧！,2008-12-29 22:50:48,
https://movie.douban.com/subject/2209573/,晨光荣耀,4.0,很好的题材，但还是少了点什么,2009-01-16 22:38:18,
https://movie.douban.com/subject/2209573/,春风不解意,5.0,现实主义的剧情，落到了浪漫主义的结局上。,2018-05-14 23:24:42,
https://movie.douban.com/subject/2209573/,果酱☮,4.0,深刻体会到命中注定一词的含义了。怎么那么多人打5星，我客观点还是给了4星。没办法，最高就是5星，我觉得这片子不至于最高，要不然猜火车该往哪放呢！,2009-01-22 05:54:47,
https://movie.douban.com/subject/2209573/,艾小柯,5.0,一歌到底，谁解我心,2008-12-14 09:27:37,
https://movie.douban.com/subject/2209573/,Privateer,4.0,他们憋了2个小时才在结尾跳舞，他们真的...我哭死,2023-01-28 00:02:34,
https://movie.douban.com/subject/2209573/,水木丁,3.0,这一次，好莱坞山寨了宝莱坞。,2009-01-15 01:37:51,
https://movie.douban.com/subject/5300054/,赵贾森,4.0,坐在几百个白发的叔叔阿姨中间观影，感觉我们虽隔了二十多年但共享了一段青春。,2018-11-04 03:14:03,
https://movie.douban.com/subject/5300054/,私～川流,5.0,从Freddie第一次在钢琴上轻轻敲出Bohemian Rhapsody的旋律开始，我的泪腺和毛孔便会为每一缕熟悉旋律而收缩。而最后Live Aid如临现场的冲击力，让我意识到此生都没有可能真正看一次Queen的Live ——莫名的痛苦卷着鼓点的狂骚将我击溃在影院最后一排的座椅之上，鼓膜轰鸣。,2018-11-01 17:54:10,
https://movie.douban.com/subject/5300054/,Peter Cat,4.0,其实也只三十年功夫，摇滚作为行动和爱的时代已经灰飞烟灭，我们究竟生活在什么样世代？,2018-12-25 07:50:58,
https://movie.douban.com/subject/5300054/,小四不象,4.0,Rami Malek该拿个奥斯卡提名了，台风简直神还原。最后Live Aid拍出了那么点伟大的范儿，我特意去油管看了原视频，电影这段还原得原汁原味，高空航拍越过人山人海的观众，然后镜头直接连到主舞台钢琴下对Freddie的特写，这个合成长镜头实在太酷了！万众瞩目，集全宇宙之光于一身的感觉；开头唱到Life had just begun就开始泪崩，结合他之前跟乐队成员说出自己得了艾滋，再看Bohemian Rhapsody的歌词，感觉每一句都是重磅催泪弹，于是才明白为啥这部传记片要用这首歌名当电影名；Live Aid上演出的每分每秒，都是Freddie燃烧生命的表演，这是他传奇人生的伟大谢幕。,2018-10-25 08:18:39,
https://movie.douban.com/subject/5300054/,糯木,3.0,前半部分剧情潦草得仿佛赶着去投胎，内心OS：这拍的什么鬼？！大皇后好不容易有个传记片求别毁啊啊啊。最后Live Aid部分神奇地力挽狂澜，OS：壮哉你大皇后，片子拍得再水都能靠歌救回来。但严肃地说，布莱恩·辛格对牙叔私生活的呈现有哗众取宠之嫌，而对他真正的音乐精神和生命力却轻描淡写，“天才巨星”整个像撞大运一样【虽然人家牙叔是这么说的，但你也不能真这么拍吧。,2018-10-29 12:04:44,
https://movie.douban.com/subject/5300054/,桃桃林林,4.0,作为传记片其实挺普通的，不过，结尾那段live aid 还是给煽到热泪盈眶。唉，这就是音乐的魔力吧。,2018-11-08 19:01:27,
https://movie.douban.com/subject/5300054/,爬行隧道,5.0,牛逼！！！好音乐真是颗幸福的原子弹！！！,2018-11-02 22:32:53,
https://movie.douban.com/subject/5300054/,螃蟹|腮脖膨客,5.0,妈妈，Life has just 毕赣,2019-01-03 17:19:18,
https://movie.douban.com/subject/5300054/,米粒,3.0,只能说是合格的人物小传吧，除去音乐外并无任何特别之处，而且主次取舍很值得商榷，前一小段非常走马观花地皇后就爆红了，后面都是其实粉丝更熟悉的单飞矛盾花边新闻等等。全部看完感觉不仅Freddie的形象不够丰满，配角们似乎也难有出彩的地方。不过音乐就是一种有魔力的东西啊，前奏一响起来马上脑袋就嗡地一下然后什么都不愿意多想了。歌真是太好听了。所有的歌,2018-11-06 11:29:23,
https://movie.douban.com/subject/5300054/,同志亦凡人中文站,4.0,跨四个八度音阶的唱将传奇，迷失和寻找自我的璀璨之旅。难得的是没有因为换导演而烂尾，反而颠覆了很多外界对这位双性恋巨星的误解。温暖而澎湃，就像皇后乐队其他成员写给Freddie Mercury的一首爱歌。最后的拯救生命演唱会感动得人灵魂出窍啊，贯穿全片的原声非常过瘾！（IMAX燃燃燃燃燃燃燃燃）,2018-11-01 15:58:04,
https://movie.douban.com/subject/5300054/,岛上的夏奈,5.0,看了一场不属于自己年代的演唱会，Queen的音乐真是太棒了，尽管觉得剧情和剪辑上有瑕疵，却仍旧下不去手给四星。,2018-11-04 05:06:53,
https://movie.douban.com/subject/5300054/,水包酱,4.0,"特理解为什么这部专业评分和大众口碑相差很大，因为除去音乐的部分, 拍得实在乏善可陈。可舞台的灯光一亮起，音乐鼓点和拍手声一响起, 一切就都不一样了。把十几分钟的Live Aid放在最后也实在很聪明，试问哪个观众听完We are the champions走出影厅不是血脉贲张得像刚看完演唱会。这些五星和高分与其说是打给这部电影，不如说是人们对这支伟大的乐队和这些经典的作品, 以及为这个世界留下了这么多宝贵legacy的Freddie Mercury的一次致敬。（演Roger Taylor的那个男孩子也实在是有点漂亮的）",2018-11-15 06:12:38,
https://movie.douban.com/subject/5300054/,西楼尘,4.0,没有配乐也能掀翻屋顶，没有球棚仍能响彻寰宇，没有酒杯也能隔空共饮，没有声音仍能唱给你听。只要一起拍手跺脚，不用乐器也能摇滚；只要一起开灯关灯，不用相爱也能同在。电视里说，治愈病毒尚需数年时间，治愈偏见却遥遥无期。你与角落里那虚弱男孩诶欧着呼应，从此别人都苍老，唯独你永远风华正茂。,2019-02-01 23:23:14,
https://movie.douban.com/subject/5300054/,肖恩恩恩恩肖,5.0,我算看穿了，音乐电影拍到哪种程度，主要看OST的质量…,2019-02-28 02:25:18,
https://movie.douban.com/subject/5300054/,影志,5.0,“我昨晚做了个噩梦，我就跑过来了。我尝试跟你聊天，但你没了声音” 最亲密人的直觉往往最准，Mary这样的挚爱和灵魂伴侣值得一辈子。“我早已知道，但我不愿承认…虽然每次都这样，但这次不同，因为根本错的就不是你”、“这些人不在乎你”当爱成骗局，你会更看清自己，“我想你在我的生命里”。2019《爱乐之城》+《与歌同行》，这才是真正的《一个明星的诞生》。听Queen的歌不多，依然享有天堂般的体验。最劲的Freddie，真正的传奇。最后演唱会现场一开喉，就止不住的飙泪…@香港 The Grand cinema,2019-02-01 15:18:17,
https://movie.douban.com/subject/1293908/,李可笑,5.0,”假如我们长时间地、专注看一个好笑的故事，它会变得越来越悲哀“——果戈理,2012-04-17 23:22:43,
https://movie.douban.com/subject/1293908/,朝暮雪,5.0,"卓别林兼任出品人、制作人、监制、导演、主演、配乐、剪辑，结果一个奥斯卡提名都没有。
卖花女一点不瞎，瞎的是奥斯卡评委。",2013-02-02 19:36:28,
https://movie.douban.com/subject/1293908/,我是大皮哥,4.0,"""在她的眼睛未被治愈的时候，她说，“他不仅仅是个有钱人”，而当她的眼睛被治愈的时候，她是否还会说出这样的话语，在结尾处，一个笑容，将所有的想象留给了我们。 当她终于可以目睹这座城市的光芒的时候，她是否还可以感受到一个人内心的光芒？""",2014-03-12 05:01:37,
https://movie.douban.com/subject/1293908/,小岩菽,5.0,老电影咖啡馆的第一弹。原来明天会更好的原文也可以是tomorrow the birds will sing。,2008-06-24 12:42:53,
https://movie.douban.com/subject/1293908/,U 兔,5.0,最后一个眼神的特写，直指人心,2009-01-05 14:31:15,
https://movie.douban.com/subject/1293908/,同志亦凡人中文站,5.0,爱情是光，将城市点亮，笑的最后却是感动。卓别林竟然是爱情电影的大师……,2014-11-14 05:04:57,
https://movie.douban.com/subject/1293908/,sanyo,5.0,盲女复明后认出流浪汉的一刻是影史上最难熬的一瞬。,2021-04-05 18:49:56,
https://movie.douban.com/subject/1293908/,米粒,5.0,哭哭笑笑的小人物传。里面的爱情可有千百种解读，就不赘述了。但爱情的确能让人变瞎，也能让人复明啊。拳击那场戏大赞。,2012-03-14 09:07:57,
https://movie.douban.com/subject/1293908/,尧耳,5.0,矮小的卓别林，伟大的卓别林。无论是幽默的桥段，还是整体的剧情，都透出经典气质，淳朴、踏实，然而持久。,2010-12-15 12:53:51,
https://movie.douban.com/subject/1293908/,芦哲峰,4.0,永远的小人物，伟大的卓别林。,2011-10-08 20:15:46,
https://movie.douban.com/subject/1293908/,影志,3.0,不知道是看片情境不对，还是个人状态不佳，看完感触不多。,2013-06-12 23:28:47,
https://movie.douban.com/subject/1293908/,LORENZO 洛伦佐,5.0,幽幽城市之光，让我们相信人心中还有良善。完美的表演和动人的情节。镜头的切换和动作的编排很到位。30年代初就有如此细致的故事编排结构和表演的编导，卓别林真是位大师。,2011-01-10 09:39:32,
https://movie.douban.com/subject/1293908/,冰红深蓝,5.0,大半时间各种捧腹，结尾却忍不住落泪~不愧是卓别林，兼具批判性、幽默诙谐与暖洋洋的正能量！在查理最后一部默片中，流浪汉与卖花盲女的爱情不知感动了多少人；笑点源源不断，拳击戏更是无与伦比；结尾被评为影史最佳结尾。当代的肥皂剧有几个能达到这种笑中带泪的喜剧片最高境界？（9.5/10）,2014-07-31 00:43:38,
https://movie.douban.com/subject/1293908/,阿巴厮,5.0,嘻嘻笑笑，最后真动人，原以为会错过而不相识，但是这样的遗憾多不应该出现啊，所以，结局真好。,2013-02-26 21:26:49,
https://movie.douban.com/subject/1293908/,冰山李,5.0,9.1；當天街角流過你聲線，沿路旅程如歌褪變,2011-11-07 14:25:38,
https://movie.douban.com/subject/25773932/,荞麦,4.0,清晰果断。……另外这部电影真是不错的试金石，看看短评就知道了。只从中看到痛苦，而看不到痛苦之中挟裹着快乐的人，大概从没认真追求过什么。,2015-01-21 11:16:32,
https://movie.douban.com/subject/25773932/,柏林苍穹下,4.0,他得到了世界，他失去了灵魂。,2015-01-07 01:36:31,
https://movie.douban.com/subject/25773932/,海带岛,4.0,我身边很多朋友讨厌《爆裂鼓手》。但我很喜欢。可能因为我没觉得它在讲音乐。它太绝望了，一个注定不是天才的人，期望接近不朽哪怕多一点。正因为他追求不朽的方式如此费尽心机、如此大动干戈，简直像自毁，认真得透出滑稽，我才觉得可以和他交流。这片子当时看得我挺难过，又兴奋又难过。,2015-12-12 21:28:59,
https://movie.douban.com/subject/25773932/,黄青蕉,5.0,我在同样变态的师傅手下呆了三年，祖宗十八代被骂了个遍，没空吃饭上厕所睡觉交朋友谈恋爱，脊椎侧弯，颈椎强直，严重慢性疲劳，什么都没干，就是学敲键盘写文章。而我的极限在我妈看来不过是纸上吹牛皮而已。这个世界从不善待努力的人，努力了也不一定会成功，但是知道自己在努力，就是活下去的动力,2015-01-12 23:03:33,
https://movie.douban.com/subject/25773932/,裘笛,3.0,"我不否認在觀賞度上，這是部精彩的電影。剪輯犀利，節奏甚好，男主男配都有優秀演出。但是我不認同裡面所肯定的價值觀。亦即用肉體/精神虐待逼迫出來的人才是真天才，並認為這種""犧牲""是必要。我只能說那是終於找到男主可以互殺互陰配一對，但在那之前毀掉了多少個喜歡音樂又有才能的學生?",2014-11-18 01:56:00,
https://movie.douban.com/subject/25773932/,米粒,5.0,燃！爆！了！相信每个练过乐器，或者在艺术表演方面付出过汗水的人都能找到深刻的共鸣，那种对严师又敬又怕，想汲取他们的能量却感受被逼至悬崖的窒息感，想在技术上完美再完美一点却发现音乐远不止这些的惊喜与恐惧... 片子就像里面的爵士乐，是肾上腺素爆发的血汗结晶，它不完美却无可取代,2014-09-30 12:14:42,
https://movie.douban.com/subject/25773932/,Indecent time,5.0,励志你妹，鸡汤你娘，努力就好是废话，干得不错是毒药，人们只看结果,2015-01-07 10:30:50,
https://movie.douban.com/subject/25773932/,同志亦凡人中文站,5.0,是赞美还是颤抖，面对反社会人格的怒放？师徒俩用极限来磨淬才华、恨不得扼杀对方的疯狂：这个世界有太多优秀，但只有承受过系千钧于一发而不断的重量才能成就伟大。我的年度最佳，J·K·西蒙斯奥斯卡男配有戏了…,2014-10-23 17:00:05,
https://movie.douban.com/subject/25773932/,张维托,3.0,……还以为是我的驾校师傅,2016-08-30 03:55:04,
https://movie.douban.com/subject/25773932/,亵渎电影,4.0,J.k.西蒙斯应该能拿下男配！这片子的节奏感实在太棒了，爵士乐和剪辑简直融为一体了，还有西蒙斯机关枪版恶毒的台词，脏字就像鼓点一样密集且激烈，几场打鼓的重头戏在镜头上都是细碎古怪，靠剪辑重新赋予整体戏一气呵成且不断加速的节奏，可惜整部电影还是碎的，否则就真成大卫·芬奇了。★★★★,2015-01-07 01:10:36,
https://movie.douban.com/subject/25773932/,根,5.0,真是太庆幸自己没有愿意为之全力以赴的梦想了。,2015-02-08 19:05:24,
https://movie.douban.com/subject/25773932/,陀螺凡达可,4.0,音符般流动的炫目剪辑真是赏心悦目，结尾SOLO让全场观众High到爆血管，爵士酒吧似真似假的“自白”是全片戏肉。迈尔斯·特勒和J·K·西蒙斯的巅峰表演火花四溅。不过好几个段落完全照搬《社交网络》，不少情节设置为了追求戏剧化也稍嫌刻意。,2014-05-24 08:33:04,
https://movie.douban.com/subject/25773932/,CharlesChou,5.0,导演对音乐的掌控可说是登峰造极（参考前年导演编剧的Grand Piano，虽剧情极糟但钢琴演奏段落也与本片如出一辙地血脉喷张），高速剪辑全面追赶大卫芬奇，几近变态的师生角力让主角数次被逼上绝路时给观众带来一种惊悚片般的窒息快感，最后控制地位逆转的大爆发只能用三个字形容：狠！准！爽！,2015-01-06 16:33:02,
https://movie.douban.com/subject/25773932/,L'automne,5.0,流畅明快鬼斧神工的剪辑给这影片增色不少，让本来可能流于乏味的地方变得有声有色让人热血沸腾。剧本功底很不错，两个主角，最普通不过的师生关系写出了让人意外的层次推进。从事故那段之后人物关系就开始变得惊喜重重，接连好几次反高潮都让人想拍案叫绝。剧本最体现基本功的地方，就是层次感。,2014-09-27 22:05:44,
https://movie.douban.com/subject/25773932/,MatchaEmpanada,3.0,第二遍看的观感落差略大……之前那种在紧张气氛下的恐惧感不在了，单靠剪辑节奏创造的强度也就少了许多魅力，倒是因为过于戏剧化的情节在心里不断减分。况且对这师徒俩哪个都没啥好感，真碰上这样的老师和同学大概恨不得一手弄死一个吧…,2014-12-15 15:44:35,
https://movie.douban.com/subject/1303394/,伊豆,4.0,当时很不能接受的是，许仙竟然和小青有暧昧。不过长大之后再回想，男人，可不就是这样的么。,2008-10-14 11:25:26,
https://movie.douban.com/subject/1303394/,黄小邪,2.0,怪力乱神恶趣味软色情厌女症。充满反抗精神的爱情故事只余下情欲与极度被色情化的女性。和尚对产妇动邪念这种情节得多猥琐的人能想出来。,2019-04-28 02:27:36,
https://movie.douban.com/subject/1303394/,Ridden,5.0,如果有六颗心我就打六星，如果有十颗星我就打十星，别问我为什么！,2007-08-25 03:16:07,
https://movie.douban.com/subject/1303394/,光年‖影视歌三栖民工,4.0,作为一个性格被阉割的男人，青蛇那一剑捅得好！,2008-10-31 23:54:10,
https://movie.douban.com/subject/1303394/,眠去,5.0,姐姐，你为了一个许仙放弃千年道行，值得吗。,2007-03-03 12:30:05,
https://movie.douban.com/subject/1303394/,囍夭夭,5.0,每个女人，也希望她生命中有两个男人：许仙和法海。是的，法海是用尽千方百计博他偶一欢心的金漆神像，生世位候他稍假词色，仰之弥高；许仙是依依挽手，细细画眉的美少年，给你讲最好听的话语来熨帖心灵。,2007-07-18 12:27:03,
https://movie.douban.com/subject/1303394/,missfaye,5.0,真正觉得不辜负原著的一个电影,2005-12-13 23:13:39,
https://movie.douban.com/subject/1303394/,布宜諾斯,4.0,赵文卓太帅了太帅了！！！！！,2010-08-16 08:54:53,
https://movie.douban.com/subject/1303394/,老鸡｜扶立,3.0,扭啊扭……扭啊扭……,2008-01-10 17:21:34,
https://movie.douban.com/subject/1303394/,诸葛若见,5.0,人生如此，浮生如斯。小时候看到的是群妖乱舞，大点看到的是情欲纠葛，昨天再看的时候是悲悲戚戚。谁人言，花彼岸，此生情长意短。谁都是不懂爱的罢了。,2011-11-27 14:25:31,
https://movie.douban.com/subject/1303394/,文泽尔,4.0,徐老怪拍的最美的一部片子，连法海都是赵文卓，有这样的白蛇传么..,2007-09-26 20:42:50,
https://movie.douban.com/subject/1303394/,白色微风,4.0,哼，我一眼就看出你不是人。大胆妖孽！我要你原形毕露👎🙌[保佑]，大威天龙🤟般若诸佛👌世尊地藏[响指]般若巴麻空，现行🤘，大胆亵渎我佛✌️杀👆杀🖕杀👇杀☝️雕虫小技，竟敢班门弄斧，大威天龙🤘，大罗法咒🤙，般若诸佛🖖，般若巴麻空🤞，移山🤸‍♂️🤸‍♀️飞升🏄‍♀️🏂。哼，这样的法术还死撑，🤲🙌收了你们，袈裟[保佑]。不知天高地厚，还在那🧘‍♂️[保佑]，根本没把我放在眼里🧘‍♂️。飞龙在天🐉，去🏄‍♂️。,2020-05-21 01:06:30,
https://movie.douban.com/subject/1303394/,范小奚,4.0,两人的“扭啊扭”到现在我都还记得。,2008-07-22 12:12:48,
https://movie.douban.com/subject/1303394/,2013,3.0,红玫瑰与白玫瑰——青蛇与白蛇——许仙与法海。诱惑的两面。,2006-09-11 15:59:06,
https://movie.douban.com/subject/1303394/,艾小柯,4.0,徐克最好的片子。,2006-06-20 03:33:31,
https://movie.douban.com/subject/2051007/,Mumu,5.0,火车被搜查时那个男孩儿说my father will hear about this，如果是字幕组一定会翻译成我爸是李刚吧……,2010-11-19 15:21:13,
https://movie.douban.com/subject/2051007/,Q。,4.0,没看过原著的人可能会被不少人名弄混淆。色调是越来越暗，整个电影就是无尽的奔跑，除了中间部分略有拖沓，上下部分节奏控制得很好。电影中零星出现的笑点总是能逗得整个影院哄堂大笑，特别是哈里与赫敏在帐篷那段舞蹈尤为打动人。Btw，死亡圣器的那段童话故事的皮影戏个人觉得十分有意思。★★★★,2010-11-19 03:02:40,
https://movie.douban.com/subject/2051007/,卡卡卡,5.0,当哈利深情望着赫敏搂着她在帐篷里翩翩起舞时，当赫敏倚在哈利肩头用温柔的声音道圣诞快乐时，当哈利和赫敏赤裸相拥在冰河上贴身激吻时，我怒从心起！！导演你少拍点奸情戏会死会死啊！！！仍然给5星，为赫敏的颜。,2010-11-18 20:45:09,
https://movie.douban.com/subject/2051007/,天亮天黑,4.0,1.为什么不拍成连续剧？太多奇妙的细节都没表现出来。2.关于死亡圣器三兄弟的动画绝对是一个惊喜，出乎意料的好看。3.这位导演你是不是个瞎子啊，为什么对黑色那么偏爱，从TM凤凰社一直黑到现在！,2010-11-20 21:07:19,
https://movie.douban.com/subject/2051007/,foldedawn,,请三兄弟角逐奥斯卡最佳动画短片。,2010-11-20 00:04:23,
https://movie.douban.com/subject/2051007/,D I D A,5.0,如果不是最完美，也是最完整。当血染半身的罗恩用黑色的眼眶爆发出演技的光彩，当缱绻伤怀的赫敏跳着平凡简单的舞步面对贝拉的折磨，当哈利收起小天狼星的相框面对双亲的坟墓呢喃道：Merry christmas，当小精灵多比满噙泪水躺在“朋友”的怀中沉睡……这场成人礼，即使沉重也足够完满。,2010-11-19 23:32:34,
https://movie.douban.com/subject/2051007/,畅M,5.0,多比一生都在寻求尊重和平等，他在哈利身上得到了这些，并且愿意为哈利舍身犯险付出生命。,2020-09-12 00:18:35,
https://movie.douban.com/subject/2051007/,宇宙塑胶魔怪,3.0,这大概是今年我看过的电影里最悲情的开头了：赫敏在照片中的影像随着魔杖一点点消失，坐在车里心事重重的佩妮姨妈，已经白发苍苍的弗农姨夫，无论你是爱他们抑或是讨厌他们，诸多情绪，都随着AD的obliviate远去。,2010-11-19 00:43:08,
https://movie.douban.com/subject/2051007/,BranT.B,5.0,多比没有主人，多比是一个自由的小精灵 😭😭😭,2022-05-28 17:18:34,
https://movie.douban.com/subject/2051007/,荔枝超人,3.0,整部电影的感觉就跟这张海报一样，三个人一路跑啊跑逃啊逃……然后就等着下集的到来了。,2010-11-17 14:06:57,
https://movie.douban.com/subject/2051007/,欢狸猫,4.0,"1.片长2小时13分钟(除片尾字幕); 2.基本忠实原著,主色调比较黑暗,不少惊悚画面, 带小孩看的注意 3.零星几个笑点都挺好笑的; 4.赫敏越来越标致了; 5.没读过原著的看来来可能理解有些费力.6.动作场面略欠火候; 7.哈利和赫敏的裸戏大亮",2010-11-17 20:13:06,
https://movie.douban.com/subject/2051007/,西弗勒斯.斯内普,4.0,比较忠实原著，节奏感较强，笑点不多但不错，魔法部那段太有喜感了！略有瑕疵，有些书本里没有的，本可以拍出来使影片更精彩的部分，就这么一笔带过了（比如：穆迪的牺牲），实在可惜。 我给4颗星吧。,2010-11-17 17:15:39,
https://movie.douban.com/subject/2051007/,小晗要当锦鲤,4.0,长大的哈利背负了好多好多的责任,2018-04-18 19:30:51,
https://movie.douban.com/subject/2051007/,桃桃林林,3.0,最先想起的是二战式的纳粹电影，也是血统，也是逃亡，惊险或是公路，终于不再青春或儿童了。前半部好些，后面三个人恩怨情仇的看的我真是头疼,2010-11-19 19:39:54,
https://movie.douban.com/subject/2051007/,TORO VAN DARKO,5.0,这是该电影系列中情感最丰富的一部。其实此系列早不再是展示魔法炫耀特效的大片，只是到了这一部导演才成功平衡了叙事，情感和特效，使其成为拥有情感内核的优质剧情片。一直抱有错误期待的观众自然会失望，而在我心目中这是迄今最好，最忠实原著，也是个人最喜欢的一部，就算有缺陷也瑕不掩瑜了。,2010-11-25 07:56:18,
https://movie.douban.com/subject/1438652/,杜,4.0,当法国人不讲情义，美国人不讲人权，德国人不讲原则，英国人满脑浆糊，犹太人大开杀戒，希特勒就死了。,2009-11-21 11:29:08,
https://movie.douban.com/subject/1438652/,Minjie,5.0,昆汀的恋足癖还是藏不住啊。,2009-11-20 03:49:04,
https://movie.douban.com/subject/1438652/,JACK,5.0,冲着皮特和昆汀去的，结果被德国太保给迷住了,2009-12-08 09:27:24,
https://movie.douban.com/subject/1438652/,文森特的耳朵 | 生命短促啊,5.0,看到女主角对着镜头外的纳粹大笑，简直肾上腺素爆增啊。,2010-10-17 10:30:09,
https://movie.douban.com/subject/1438652/,猫小姐,3.0,昆汀同学越来越变态了 ，比北野武还杜琪峰。,2009-08-23 10:21:27,
https://movie.douban.com/subject/1438652/,大头绿豆,4.0,流畅，看起来毫不费力。除了布拉德皮特显得格格不入，除了地下酒吧那场居然不收拾现场有些BUG，除了绑着TNT居然能混进元首活动场所很无稽，其他都很好，很完整，完成了电影所能给出的最重要的功能：娱乐。,2010-07-26 10:40:58,
https://movie.douban.com/subject/1438652/,光年‖影视歌三栖民工,5.0,红衣女子因为恻隐之心送了命，是少数几个正常点的黑色幽默。。。,2009-11-20 23:13:15,
https://movie.douban.com/subject/1438652/,喵过留影,4.0,这部电影告诉我们：绝对不能相信美国人！,2009-12-03 12:14:34,
https://movie.douban.com/subject/1438652/,荞麦,4.0,重新看了一下开头：德国军官是如何在十分钟之内让一个大老爷们儿崩溃的。,2012-07-14 21:54:53,
https://movie.douban.com/subject/1438652/,yuςii,5.0,"天才這次拿出了歷史,以影史破壞影史,甚至燒毀影史,瓦解歷史,誓要引領影迷在面對歷史的同時要走出歷史.",2009-09-03 23:01:34,
https://movie.douban.com/subject/1438652/,桃桃林林,5.0,电影的魅力，他用电影创造历史,2009-11-23 16:07:24,
https://movie.douban.com/subject/1438652/,Ariza,3.0,引用某影評人曾說的話：「一些得令的導演，由於創作泉源枯竭，只會從B級或C級垃圾片堆中覓食，美其名說向它們致敬，終究下過是垃圾再造垃圾而已。」,2009-08-21 00:24:31,
https://movie.douban.com/subject/1438652/,Kennn.,5.0,Quentin是他媽的天才！,2009-05-27 06:16:21,
https://movie.douban.com/subject/1438652/,sasasasa,4.0,Waltz屌，虽然片子一堆问题,2009-09-09 10:07:44,
https://movie.douban.com/subject/1438652/,UrthónaD'Mors,3.0,这个片子的败笔是皮特，他怎么看怎么就像是个摆设连演插科打诨的皮条客都不像，最后那点太能YY了,2010-09-28 00:14:58,
https://movie.douban.com/subject/1292328/,苏比,5.0,"在我最美好的时间,我最喜欢的人不在我身边。如果时间可以重新开始该多好。",2009-04-03 23:50:32,
https://movie.douban.com/subject/1292328/,影志,5.0,一个沙漠的后面是另外一个沙漠，一个人有烦恼是因为记性太好。“你越想知道自己是不是忘记的时候，你反而记得越清楚…当你不能够再拥有，你唯一可以做的，就是令自己不要忘记”,2009-04-25 16:31:38,
https://movie.douban.com/subject/1292328/,UrthónaD'Mors,4.0,“每个人都会经历这个阶段，看见一座山，就想知道山后面是什么。我很想告诉他，可能翻过去山后面，你会发觉没有什么特别，回头看会觉得这边更好。但是他不会相信，以他的性格，自己不试试是不会甘心。”,2009-05-07 17:44:23,
https://movie.douban.com/subject/1292328/,眠去,5.0,如果感情是可以分胜负的话，我不知道她是不是赢了，但我很清楚，从一开始，我就输了。,2008-10-21 08:14:39,
https://movie.douban.com/subject/1292328/,暖鱼,3.0,090331美嘉——这样的片子还是不适合在电影院看——人多的时候看这样的电影，就是一个旁观者。,2009-04-01 01:33:35,
https://movie.douban.com/subject/1292328/,巴喆,5.0,王家卫是借金庸的皮拍出了古龙的骨，在这里没有侠之大者，只有浪子、痴心女和大漠。　“风也未动，幡也未动，是人心自己在动。” 这漂浪的人生正如大漠一望无垠，在时间的灰烬中只想和你浪迹天涯，客死他乡。太喜欢陈勋奇的配乐《天地孤影任我行》：一去不返，一眼万年。8.6,2012-12-29 20:29:01,
https://movie.douban.com/subject/1292328/,莫沂,4.0,还是最喜欢张曼玉在窗边那几段……,2009-02-24 12:27:02,
https://movie.douban.com/subject/1292328/,[被停用],,后来我看见很多观众解读《东邪西毒》和《东成西就》的联系，其实完全没有的，唯一的联系就是演员是一样的，他们白天去拍《东邪西毒》，像死了亲人一样，晚上来拍《东成西就》，像吸了毒一样，都要发疯了。”,2015-02-28 07:01:43,
https://movie.douban.com/subject/1292328/,幻影刺客,4.0,你以为谈的是武侠，其实谈的是爱情；你以为谈的是爱情，其实谈的是人生。,2010-09-19 00:54:28,
https://movie.douban.com/subject/1292328/,老鸡｜扶立,4.0,电影诗,2008-01-10 16:55:02,
https://movie.douban.com/subject/1292328/,泪小鱼|念。,5.0,给我一坛醉生梦死酒。,2006-12-02 20:50:17,
https://movie.douban.com/subject/1292328/,趙小漁,5.0,已經好久沒有這麼NB的片兒出現了……我懷念那個NB的時代……,2008-05-04 17:49:08,
https://movie.douban.com/subject/1292328/,寂地,4.0,"当一个人没有办法拥有的时候,最好的办法就是,让自己不要忘记....
因为这句话喜欢这电影.",2006-01-02 15:08:20,
https://movie.douban.com/subject/1292328/,流风揽湖,4.0,真不知道是王家卫完整了文青的矫情，还是文青的矫情毁了王家卫。,2013-09-21 20:41:29,
https://movie.douban.com/subject/1292328/,张熊熊,5.0,男的都在逃，女的都在等。等待是绝望的，因为身不由己。所以等的人，往往要比逃的人更有勇气。感情和武功不一样，没办法分出第一第二，在感情里较劲的人，其实从一开始就已经输了。回不去的白驼山，不过是心魔作祟作茧自缚，看到简单又直接的洪七，我也好妒忌。,2018-08-02 14:22:34,
https://movie.douban.com/subject/1291844/,Dr.Moth,5.0,伙计们~还有什么比这个更棒的?,2008-07-05 07:55:43,
https://movie.douban.com/subject/1291844/,小海,5.0,这是在1991年啊，重复，这是在1991年啊！,2016-03-16 22:49:56,
https://movie.douban.com/subject/1291844/,战国客,4.0,少见的超越首部的续集，动作片中的经典~~,2008-06-24 22:27:48,
https://movie.douban.com/subject/1291844/,Nakedself,5.0,金属狂躁！！！T1000的空前绝后在于一个机器人居然真的具有妖气。,2006-05-17 16:02:10,
https://movie.douban.com/subject/1291844/,蜉蝣,4.0,液态机器人的创造者叫戴森，所以脑袋就经常被轰成中空的圆形。（胡扯==,2019-02-03 16:17:03,
https://movie.douban.com/subject/1291844/,贾斯汀,4.0,液体机器人好帅,2007-08-23 16:30:42,
https://movie.douban.com/subject/1291844/,朝暮雪,5.0,"影史少见的第一部就足够经典，续集还能超越第一部的电影。
《终结者1》中，约翰·康纳将里斯传送到过去；
里斯又和莎拉·康纳生下约翰·康纳，形成一个闭环。
《终结者2》也是如此，正是天网将T-800传送到过去，才让人类得到终结者的芯片，从而得到灵感发明了天网，互为因果。
所以他们要找到迈尔斯·戴森，打破这个循环。
迈尔斯·戴森在平行宇宙是发明天网、间接毁灭世界的罪魁祸首，在这个宇宙却成了以生命为代价保护人类的英雄。
约翰·康纳对母亲的态度的转变也让人感触颇深。
他一直以为母亲是疯子，是失败者。
直到有一天，他发现母亲说的一切都是真的。
天网将T-800的中央处理器设为只读，防止他产生思想。
这样一个没有感情的杀手，竟然愿意通过终结自己，换来世界和平。
谁说机器不能有人性？
烈焰中竖起大拇指的镜头堪称影史最震撼瞬间之一。",2012-08-18 02:03:39,
https://movie.douban.com/subject/1291844/,酸辣小星星,4.0,最大的光芒，就是这个肌肉发达不苟言笑的机器人学着人类勉强的挤出一丝微笑，还有最后沉入沸腾钢水炉里伸出的那只翘着大拇指的手。有思想的机器人，可以让人感动到泪流满面，但仍能学到人类的贪婪狡诈，这是个矛盾。所以在温情下，我隐隐的看到有思想有感情的机器人所带来的未来的恐惧。,2010-09-26 11:26:54,
https://movie.douban.com/subject/1291844/,天蝎小猪,5.0,终结者三部曲中最经典的一部,2007-09-13 17:03:10,
https://movie.douban.com/subject/1291844/,草威,4.0,比3强太多了,2008-04-30 14:01:01,
https://movie.douban.com/subject/1291844/,xjxiidjsns,5.0,I'll be back,2008-10-20 10:23:09,
https://movie.douban.com/subject/1291844/,冰红深蓝,5.0,"詹姆斯卡梅隆的巅峰之作,永远的科幻经典。1.传统模型和化妆特效为主，电脑CG为辅；2.创意十足的最强反派：T-1000；3.施瓦辛格最好的表演；4.兼具动作片的爽快、科幻片的气魄与哲思、喜剧片的爆笑和文艺片的温情；5.机器人学习情感,以机器反思人性,揭示人的自毁倾向；6.""点赞""一幕至为感人。（9.5/10）",2015-06-09 17:36:42,
https://movie.douban.com/subject/1291844/,托尼·王大拿,5.0,宿命的终结，伟大不仅在于超越时代的特效。,2010-10-10 17:15:45,
https://movie.douban.com/subject/1291844/,米粒,5.0,真是太好看啦！在电脑上看完全完全不行啊，必须抓住任何荧幕放映的机会！！冷面壮汉（这里很好地利用了施瓦辛格演技方面的不足）配眼神忧郁的正太，再加上造型那么经验的反派，完全被秒杀。根本不像20多年前的片了。更何况这种把现实和未来画成一个圈的结构真是了不得，卡梅隆每个剧本的完整度都特别高,2012-03-25 11:54:11,
https://movie.douban.com/subject/1291844/,Mr. Infamous,4.0,作为续集，能比圆满的前作更进一大步，很不寻常。故意踩着反差点设置的桥段，放大了被宿命阴影笼罩的命途。煞费苦心的动作编排，放到当下也难超越。能够想象当年的观众面对卡梅隆的特效创举，有多少惊叹。最细腻的地方，是让一个身为后辈的机器人，不仅学到了人的价值，而且有了父亲的影子。四星半。,2019-10-20 23:41:57,
https://movie.douban.com/subject/1978709/,Lou Lou,4.0,那一颗星星是被吓掉的,2010-12-12 15:50:14,
https://movie.douban.com/subject/1978709/,XU,5.0,舞台上那段黑天鹅太惊艳了！！！！！！Natalie这牛逼演技！！！！！！,2010-12-20 17:34:07,
https://movie.douban.com/subject/1978709/,晚晚,4.0,在离成功还差一步之遥的时候请不要丧心病狂,2010-12-04 15:14:41,
https://movie.douban.com/subject/1978709/,Hao,4.0,完美主义的确是一种失败的人格学说，直接导致走火入魔丧心病狂。Portman演得好用力，看得我心里发毛。假如她凭此片拿小金人的话，不为过。,2010-12-21 20:30:40,
https://movie.douban.com/subject/1978709/,Doublebitch,4.0,其实没想象中精彩，精神分裂的表现力度不太够，手法也比较陈旧，差出fight club几个档次，大半夜的愣是没让我有一丁点紧张或局促的感官反应。反倒是配乐和Natalie的精彩表演收服了我，整部电影在交响乐的烘托下活像一出慷慨悲壮的天鹅舞剧，Natalie美翻了,2010-12-22 02:41:51,
https://movie.douban.com/subject/1978709/,sabretooth,5.0,不配5星，至少20星。,2010-12-12 17:04:26,
https://movie.douban.com/subject/1978709/,jumbu,4.0,旧酒无味，但新瓶子很美。,2010-12-22 12:56:11,
https://movie.douban.com/subject/1978709/,桃桃林林,4.0,镜子用多了，想不精神分裂都难。故事基本就是天鹅湖的变奏，与《摔跤手》一样的手持摄影，却少了摔跤手的写实风，多了些超现实的感觉与舞台味。女主、摄影、配乐、女配都很有实力。波特曼，好运！,2010-12-21 22:50:18,
https://movie.douban.com/subject/1978709/,不流ᝰ,4.0,娜塔莉·波特曼的演技啊！达伦·阿罗诺夫斯基的黑暗啊！,2010-12-22 23:07:00,
https://movie.douban.com/subject/1978709/,Q。,5.0,“我感受到了，感到了……完美。”一段用走火入魔来成就的完美，亦真亦假、亦实亦幻。影片从始至终都弥漫着黑暗的色调，很惊悚，很压抑，无论配乐还是摄影都极其吸引观众。娜塔莉·波特曼颠覆以往，奉献了一场精彩的演出。★★★★★,2010-12-22 01:26:29,
https://movie.douban.com/subject/1978709/,亵渎电影,4.0,简直就是诠释演员如何成为体验派，影片太完美了！★★★★,2010-12-25 18:08:48,
https://movie.douban.com/subject/1978709/,Touma,4.0,娜塔莉的表演是白天鹅式的，不是黑天鹅。,2010-12-22 21:08:53,
https://movie.douban.com/subject/1978709/,黄妖柒,3.0,有点无聊 教育我们不要逼自己太紧,2010-12-20 12:05:47,
https://movie.douban.com/subject/1978709/,城南草木生,5.0,好看到呛着人，波特曼就是一直被过于标致的容貌给拖累的公主，这是要飞起来了，看到干巴成那样五官依然标致的前公主薇诺娜赖德又出来跑龙套好心酸,2010-12-21 22:05:42,
https://movie.douban.com/subject/1978709/,琦殿,4.0,配角姑娘美到死。,2010-12-25 19:33:23,
https://movie.douban.com/subject/1292287/,V,5.0,那时甄子丹还没出名，在演大反派，林青霞因为《东方不败》、梁家辉因为《情人》都红到爆，但该片的最大受益人却是张曼玉。那个风骚入骨的客栈老板娘，成了武侠影史上跳不过去的一页。今后恐怕没人能比张曼玉演江湖客栈里的老板娘演得更好了。,2009-03-28 20:04:41,
https://movie.douban.com/subject/1292287/,MaTown,4.0,当年看到最后把甄子丹的脚剃成骨头的时候我还吓了一跳,2008-12-26 14:48:23,
https://movie.douban.com/subject/1292287/,北影厂彪哥,4.0,张曼玉真是风骚啊,2006-02-18 12:04:59,
https://movie.douban.com/subject/1292287/,元宝宝,4.0,张曼玉将金镶玉风骚入骨敢恨敢爱的性格刻画的入木三分。林青霞和梁家辉亦将江湖儿女的情怀与抱负演绎的丝丝入扣。其它一众配角个个可圈可点，经典之作。,2017-03-20 16:03:35,
https://movie.douban.com/subject/1292287/,伊谢尔伦的风,4.0,梁家辉果然比李连杰好多了……,2012-01-08 20:12:53,
https://movie.douban.com/subject/1292287/,少年夏不安,5.0,大漠孤烟直，长河落日圆。感觉这才是中国的西部片。茫茫大漠里一间小客栈里面各种势力的冲突纠葛。话说原来那双刀鞑子男才是扫地僧般的存在啊。,2010-11-04 15:09:02,
https://movie.douban.com/subject/1292287/,老鸡｜扶立,5.0,这部片子里面最帅的其实是小二,2008-01-10 17:07:55,
https://movie.douban.com/subject/1292287/,轰小云@七汉字,5.0,"三步一个青霞, 五步一个曼玉, 甚是享受",2008-05-24 20:45:58,
https://movie.douban.com/subject/1292287/,伍德与夏洛蒂,5.0,无法超越的喜欢，风流却不下流，严谨却也狡猾的周淮安。风骚却不下贱，义气却不蠢钝的金镶玉，以及外刚内柔的真女人林青霞。比起后期的沉默气质，我更喜欢这与青蛇时期的张曼玉。每个演员都无出其右，每个节奏都恰到好处。心中最深的火舞黄沙之梦，有余悸更有不舍。,2011-03-16 20:41:26,
https://movie.douban.com/subject/1292287/,古西亦古奇,5.0,金镶玉，没人能超越,2009-05-18 12:41:17,
https://movie.douban.com/subject/1292287/,木卫二,5.0,我不像你一样，有勇气面对这片沙漠,2006-04-14 10:58:31,
https://movie.douban.com/subject/1292287/,赱馬觀♣,4.0,本片素材来源之一的迎春阁本属于谍战卧底戏。店家双重身份但立场坚定任务明确。徐克只取其女老板和男伙计的角色构成，然后搁到老龙门救孤的故事架构中，并且有意放大了客栈的灰色属性，金镶玉不选边不介入两边通吃。这就使得新龙门更像瑞克酒吧。而在北非谍影的叙事体系中，瑞克是绝对核心，维克多立场固化爱情下风，双向偏弱。徐克不想如此。他习惯塑造三强点的爱情纠葛：周淮安必爱邱莫言，金镶玉只在自多情。可龙门客栈偏偏是她的主场！爱情失意，戏份充足，左右逢源。所以观众仍会觉得张曼玉很出风头。但通片最出风头的一定要交给最低调的那位。个人以为伙计剔骨取法影武者的火枪盲射士卒，小人物突然决定了大事件。不管是否联想太多，至少它遏制了传统武侠强强对决那种极度彪扬的气势，平添几分人算不如天算的黑色反讽意味，更贴合了九零时代思潮。,2019-09-05 04:02:05,
https://movie.douban.com/subject/1292287/,ᥫ᭡້໌,4.0,那个时候的审美就是风情之美，现在的审美感觉在下降。。,2017-02-17 18:46:05,
https://movie.douban.com/subject/1292287/,潇潇暮雨,4.0,经典啊，现在几乎没了啊这种纯正武侠风,2017-08-22 01:03:04,
https://movie.douban.com/subject/1292287/,(๑⁼̴̀д⁼̴́๑),4.0,洞房花烛夜，楼上的周淮安与金镶玉各怀心事暗中较劲，楼下的邱莫言、贺虎等人也与东厂一众“走狗”展开了明争暗斗，战事一触即发,2017-08-21 22:56:20,
https://movie.douban.com/subject/4739952/,Dululu,4.0,结局真多余。。。。。。。。,2010-12-04 22:08:49,
https://movie.douban.com/subject/4739952/,要早睡啊minami,4.0,要不是这狗血的结尾我会打五星的！最让我感动的反而不是初恋了，是这群丑小鸭之间的友谊，让我想起我初中时候的那群小姐妹，“朱古力跳跳队”——谢十三、吴玲、杨秀丽、徐星云、拉链、吴美，还有我，一共七个，傻妞！十二万分怀念那个时候的我们……向青春致敬！,2010-11-30 01:48:42,
https://movie.douban.com/subject/4739952/,玛琦,4.0,游泳池那段哭得我稀里哗啦 现实生活到那里就结束了,2010-12-10 16:51:16,
https://movie.douban.com/subject/4739952/,蘑菇™不开花,4.0,MLGB，同样是暗恋，哥只能换回“其实你是个好人”,2010-12-07 14:54:31,
https://movie.douban.com/subject/4739952/,六兔,5.0,一场强大的暗恋背后其实还有另外一场相反的暗恋,2010-12-02 10:24:53,
https://movie.douban.com/subject/4739952/,石榴花——请给我草莓味的砒霜。,4.0,我好想跟男主角初恋啊！！！要不然初夜也行……,2010-12-14 00:43:09,
https://movie.douban.com/subject/4739952/,眠去,3.0,唯独最后一刻他说，我一直等那个人从美国回来，眼泪真要随女主角一样掉下来。可是我，已经不相信这种王子和丑小鸭的故事了呢。要知道，初恋的美好在于，它没有后来。,2012-02-13 14:22:50,
https://movie.douban.com/subject/4739952/,米哑，,5.0,你有几个最佳损友，她们陪你分享你心里的小秘密。你在初中小心翼翼的喜欢一个男孩子，你收集关于他的一切消息，你在你们共同上学需要走的小巷口左顾右盼，你记住他的每一句话，你为他做了让自己可以变得更好更美的所有事情，那些好长好长的岁月里你只是想让他看你一眼而已。,2010-12-02 21:39:01,
https://movie.douban.com/subject/4739952/,A 涂,4.0,我一定要学会假摔,2010-12-14 14:40:43,
https://movie.douban.com/subject/4739952/,Rue L,,那英语老师是凤姐么- -  什么时候去泰国发展了。。。,2010-12-03 16:08:25,
https://movie.douban.com/subject/4739952/,Hey Johnny,4.0,泰国青春电影总喜欢把简单事情复杂化（动不动还喜欢搞个再过N年后我们来相会），但你又不能不承认小清新这种东西人家是越来越玩转了。女猪那变化也忒大了前后判若两人；Mario整部卖萌啊！还胖胖瘦瘦的来回变啊~真神奇。自己跟那儿翻本子小感伤那段小感动了；阿拓学长很自私，鉴定完毕！,2010-11-30 01:45:59,
https://movie.douban.com/subject/4739952/,YCOYCO,4.0,一星扣在结局。。我觉得。 在阿亮离开的哪个晚上结尾就够了。。最美的爱情。 不见的是要在一起才完美的,2010-12-05 11:52:11,
https://movie.douban.com/subject/4739952/,Q。,3.0,“我喜欢你，我做的一切都是为了你。”一部很纯情很清纯很阳光的泰式爱情电影，故事本身并不多出彩，甚至让人觉得狗血过头，但我相信这是一部让几乎观影的每一个人都能在电影里找到共鸣的影片。能够回忆起曾经自己初恋暗恋的那些小事，回忆起儿时朋友间玩闹的趣事。btw，“凤姐”蛮可爱的。★★★☆,2010-12-03 03:12:01,
https://movie.douban.com/subject/4739952/,远子,3.0,这个电影不插播美白护肤品广告太可惜了。,2013-08-31 11:49:04,
https://movie.douban.com/subject/4739952/,桃桃林林,2.0,刨除这个回忆的主题，通篇的烂桥段还真是让人头疼，以后要慎看这些了。,2010-12-18 20:59:39,
https://movie.douban.com/subject/1300117/,半袖,5.0,没有触目惊心的科幻大场面，娓娓的说伦理、说基因技术的双刃剑。让我落泪的点不是主角们，而是最后那个医生，原来他一直都在帮助Vincent，这种梦想一旦被共享，也就推动了第一块多米诺骨牌。有趣的是，片名本身是由DNA的碱基组成的，片尾字幕显示剧组成员名字时也是先凸显出G.A.C.T，很有心思的小细节。,2008-02-24 16:32:47,
https://movie.douban.com/subject/1300117/,同志亦凡人中文站,5.0,人类的历史就是一部歧视史，财富、地位、年龄、性向、肤色...基因决定人生，不过是把这种歧视从人的出生开始以科学的形式固定下来。电影想讲述的是：我也许没有伟大的基因，但我有一颗造梦的心——我就是那个统计学上渺小到不计、但没人可以抹去的1%。,2013-02-02 20:45:00,
https://movie.douban.com/subject/1300117/,根,4.0,长伊桑霍克这样的被认为是基因差……,2017-06-09 14:40:48,
https://movie.douban.com/subject/1300117/,Doublebitch,5.0,当你有梦想 全世界都会帮你,2010-08-01 19:43:57,
https://movie.douban.com/subject/1300117/,丁小云,5.0,看了这部《千钧一发》，没想到还真不错，男煮饺儿追求梦想时不给自己留任何后路的精神真鸡巴励志啊……这种励志非心灵鸡汤式励志，而是心灵牛鞭汤式励志……我们曾经都是星尘，莫名其妙地来到了父亲的睾丸里，来人世走一遭后重新变成星尘……反正迟早变星尘，不如追梦尽情活……,2012-04-11 21:55:30,
https://movie.douban.com/subject/1300117/,荔枝超人,4.0,“我只是把身体给了你，你却让我分享了你的梦想”（Nyman先生的配乐太惊艳,2008-07-27 16:04:13,
https://movie.douban.com/subject/1300117/,撒旦的表妹,5.0,看名字以为是恐怖片，没想到是这么走心的风格。裘德洛的出场太惊艳了，那双眼睛，那个孤傲的眼神和表情让人难忘。可他最后结束自己生命的方式太残忍了，难以接受。,2012-04-07 23:01:50,
https://movie.douban.com/subject/1300117/,川总,5.0,古怪的老电影气质，很励志，有点基。世界若是真的如此不公平，那我们就集体作弊去吧。,2012-03-10 12:44:47,
https://movie.douban.com/subject/1300117/,私享史,4.0,问题不在于基因，也不在于决定论，而在于一种万恶的标准和秩序，试图消灭美妙的多样性。,2012-04-07 23:59:38,
https://movie.douban.com/subject/1300117/,阿子,4.0,现在再看，还挺腐的。。。,2010-05-27 21:16:51,
https://movie.douban.com/subject/1300117/,黄青蕉,5.0,科幻版天才雷普利,2011-12-21 23:55:51,
https://movie.douban.com/subject/1300117/,巽,4.0,这名字译得太搞了～＝＝,2007-12-25 13:43:07,
https://movie.douban.com/subject/1300117/,cincin,4.0,一个凄美的基情故事,2010-10-04 01:17:29,
https://movie.douban.com/subject/1300117/,spencer,5.0,梦想与扼杀梦想的不公平，过去、现在还是未来，这是人类戏剧的永恒主题之一。,2010-10-02 01:13:41,
https://movie.douban.com/subject/1300117/,20个小明≯,4.0,非常优秀的科幻电影！小时侯看过一次，丝毫没有察觉这居然是97年的作品 !今天重温依旧无法看出，当时囫囵吞枣也没法理解其中深意，如今看过后不禁唏嘘感叹！影片各个方面都堪称精品！导演对节奏拿捏得非常精准，看似平淡的叙事，表面下却暗流涌动！好剧本、好配乐、好演员、好导演，成就一部好电影,2011-04-15 22:33:01,
https://movie.douban.com/subject/1302827/,它它爱妮鸡,4.0,那只熊在自己缝自己！！,2007-11-03 16:29:17,
https://movie.douban.com/subject/1302827/,裸踝,5.0,我要一只泰迪熊和一个舞男乔。,2008-12-07 11:43:14,
https://movie.douban.com/subject/1302827/,LipingTaBaBa,3.0,有点拖沓,2006-07-03 02:09:59,
https://movie.douban.com/subject/1302827/,C.,3.0,在20年后才看到这个电影，并没有觉得多感动。一直都觉得David对Monica的爱只是因为Monica启动了这个程度，并不是David真的懂了人类的爱。能够追随两千年恰恰是因为他不是人类，只是机器，只要硬件没坏，就能永流传。人类的情感大多数稍纵即逝，并不可靠。他只会喊妈咪却不认Henry做父亲，不认Martin做哥哥，因为程序设定只有Monica是主人。他对熊仔也不时刻关心，没理过熊仔死活，他眼里只有主人，其实这些都恰好说明他也只是个机器。,2021-01-19 16:39:52,
https://movie.douban.com/subject/1302827/,战国客,5.0,很奇怪，看斯皮尔伯格的电影，即使有些场景拍摄得十分感人，但总是不能让我从心里感动，可能是觉得太商业了，太刻意了？,2008-06-05 01:31:54,
https://movie.douban.com/subject/1302827/,匡轶歌,5.0,每看这样的片子，都对人类更绝望。卑鄙、愚蠢、自私、懦弱、残暴，实在是宇宙间最丑恶的生物。别怪塞林格会说：我认识的人越多，我就越喜欢狗。,2008-11-09 03:37:14,
https://movie.douban.com/subject/1302827/,亚比煞,5.0,有些电影，是你在当下觉得了了，而今后偶然回想起某个片段，才会为它痛哭一场的，比如，戴维从残破的大厦上落入水中的那一幕。my love is real，but I‘m not。,2010-12-16 16:37:49,
https://movie.douban.com/subject/1302827/,Little Punk,,这才叫大片儿！大主题大人性，简洁漂亮新奇质朴又壮丽。印象深刻的 是三人吃饭的俯瞰镜头，把小孩儿彻底变成了 基督。,2007-01-11 18:51:53,
https://movie.douban.com/subject/1302827/,林愈静,,看得心理挺难过得，库布里克的遗作，斯皮尔伯格帮他完成了。时间：2001年,2006-05-02 11:05:18,
https://movie.douban.com/subject/1302827/,老阿飞—故园,5.0,"看到片尾的时候，始终不能忍住眼泪。
我存在，曾经。",2006-01-08 17:41:20,
https://movie.douban.com/subject/1302827/,叫我小郑啊~,3.0,咋说，情节发展到后面真是有点脑洞乱钻。一开始很科幻元素，慢慢地变成童话元素更多，温情吗？总觉得这个妈妈更像个机器人，举手投足就像卖机器的导购一样，一点生活化的感觉也没有。视觉效果超级赞，小男孩顔值很高，眼睛很美。,2017-03-03 00:31:48,
https://movie.douban.com/subject/1302827/,海心,5.0,我只想成为你的唯一，获得你全部的爱。,2009-01-01 22:19:17,
https://movie.douban.com/subject/1302827/,Su,4.0,如果不能爱我很久，为什么要启动我爱的程序？,2012-04-25 12:15:54,
https://movie.douban.com/subject/1302827/,浅浅,5.0,让我看哭的都是好电影,2005-09-23 10:43:29,
https://movie.douban.com/subject/1302827/,light7号,5.0,泰迪给自己缝伤口那儿，我真的哭了。大家都有人爱，或是能爱着别人，泰迪只有它自己,2021-07-26 17:46:23,
https://movie.douban.com/subject/1959877/,欧妮欧妮欧妮,4.0,虽然是不及龙猫，千与千寻，但是17万张的纯手绘…那背景真心好漂亮~而且这个指向就是给小孩子看的！人老了，反而会计较“这到底在表达什么，这到底在讽刺什么？完全不知所云”难道一定要超越前作？一定要深刻的表达什么？他只是单纯的想表达一种不被污染的童真，没有那么多的为什么和逻辑啊,2012-08-31 15:47:10,
https://movie.douban.com/subject/1959877/,瓦达西瓦又又又桑只爱这巧克力,3.0,孩她爹和孩她娘的故事应该比较有意思,2009-04-02 18:17:37,
https://movie.douban.com/subject/1959877/,焰熠,4.0,谁说5岁就不可以早恋的 波妞为了宗介在海浪上奔跑的样子太可爱了 为了喜欢的人 踏过千山万水又何妨,2018-01-16 21:25:19,
https://movie.douban.com/subject/1959877/,海心,5.0,好可爱啊，可爱的波妞，懂爱的宗介,2009-05-17 19:08:46,
https://movie.douban.com/subject/1959877/,小波福娃,,腹黑版猜想，姑妄言之：其实波妞跟宗介都是没爹妈被单身的理纱收养的娃（所以宗介对理纱直呼其名），所谓的人鱼女王是波妞幻想的身世（小女孩的公主梦）。里纱去救人时和婆婆们最后都死在大水里了。其实……这是一部现实主义作品！,2008-08-26 23:33:58,
https://movie.douban.com/subject/1959877/,遇见彩虹🌈,4.0,感觉宫崎骏真的可以从小朋友的视角去看问题，一举一动都很真实，故事很温情。,2017-11-26 13:32:38,
https://movie.douban.com/subject/1959877/,我坏故我在,5.0,人物造型和以前的很多片子有类似点，而且还能找到以前片子里的龙套……故事居然是小美人鱼的幼儿版……不过很好看啊很好看啊很好看啊……,2008-08-05 09:10:26,
https://movie.douban.com/subject/1959877/,阿vi子,5.0,BAKA BAKA  BAKA,2017-07-18 20:18:52,
https://movie.douban.com/subject/1959877/,松如,5.0,给五星是因为我爱宫崎骏。。,2008-08-31 11:22:11,
https://movie.douban.com/subject/1959877/,疼酱,3.0,他们长大了以后，万一闹离婚怎么办。。。,2010-11-26 13:43:19,
https://movie.douban.com/subject/1959877/,蜉蝣,4.0,5岁的宗介的压力可太大了。,2018-07-03 16:45:13,
https://movie.douban.com/subject/1959877/,momo,5.0,环保和反战貌似是宫崎骏动画里不衰的两个主题，个人风格强烈。,2018-04-30 23:30:16,
https://movie.douban.com/subject/1959877/,何斯召,5.0,最好哭的竟然是她为了见他掀起了一场海啸…奔跑在浪上的女孩…,2022-01-30 20:35:03,
https://movie.douban.com/subject/1959877/,影志,4.0,一如既往的宫崎骏，纯真、梦幻、迷人…,2008-08-28 00:03:05,
https://movie.douban.com/subject/1959877/,小十三,4.0,感动，无法自持,2018-01-11 12:43:55,
https://movie.douban.com/subject/1291870/,孔小洞,5.0,我可不可以把它看成一部公路片，某种程度。,2010-04-19 20:52:26,
https://movie.douban.com/subject/1291870/,P,4.0,ray……听上去很像rain，愚顿的哥哥曾经对心爱的弟弟说，我是rain man。直到生命进行到成人的阶段，弟弟才突然想起，童年时，他的生活中曾经有一个爱他疼他的雨人……,2006-06-12 10:03:02,
https://movie.douban.com/subject/1291870/,Kaito,5.0,公路片是建立人物情感联系的最好模式,2014-04-13 00:07:57,
https://movie.douban.com/subject/1291870/,曼靑,2.0,我天!! 花兩小時十三分鐘看完這麼一部電影 眞昰讓我對自己佩服又無語。我不知道8.5分的高分來自哪裡 所以大家也不要罵我不喜欢。像一部冗長沉悶的公路片 一路上就看著自閉症哥哥的傻子表演。眞昰看得我要崩潰。儘量不會再看舊電影 太無趣了、太啰嗦了。,2014-01-11 20:35:44,
https://movie.douban.com/subject/1291870/,袁牧,5.0,湿了，好莱坞现在不这么拍片了,2010-01-23 01:37:32,
https://movie.douban.com/subject/1291870/,Q。,4.0,年轻帅气的阿汤哥，让人眼前一亮的霍夫曼。故事简简单单，配乐大气，并没有特别煽情的段落，不刻意讨好，不哗众取宠，让人看起来十分舒服，让人感动在不知不觉中。★★★☆,2011-07-08 23:18:39,
https://movie.douban.com/subject/1291870/,Alkis_Tangelis,5.0,生活在自己的世界里，也可以让周围的人显得可笑和渺小。赞。另外达斯丁霍夫曼演的太赞。,2009-09-26 15:04:48,
https://movie.douban.com/subject/1291870/,股神看不懂,4.0,剧情真的好赞的，没想到自己一直寻找的人就是自己最亲的人，查理从一开始的不接受到后来的分不开，也让人看见了他的成长，哥哥最后没有跟他走，却能得到更好的照顾。有的人觉得结局不好，但我觉得这就是最好的结局。,2016-11-06 16:42:16,
https://movie.douban.com/subject/1291870/,Cherry,5.0,演技派与偶像派的完美结合，感人,2005-07-16 23:00:37,
https://movie.douban.com/subject/1291870/,走马,4.0,任性是缺点，坚持任性就是自闭症，我不过是病的稍微重一点儿而已，就已经很难被世界容忍了,2012-12-14 23:56:24,
https://movie.douban.com/subject/1291870/,[己注销],4.0,（9/10）现在的电影大会基本上都被特效大片和言情吻戏给占领了，其他类型的片子很少有拿大奖赢票房的机会，可在80年代，却是这样一部纯粹的讲述人与人情感的作品拿下奥斯卡，没有火爆打斗和赚眼球的福利。片中在拉斯维加斯赌钱的那几分钟剧情启发了王晶，于是就有了《赌神》这部经典作。,2013-10-01 00:07:42,
https://movie.douban.com/subject/1291870/,宇宙塑胶魔怪,5.0,Rain Man，Raymond,2011-04-05 00:44:12,
https://movie.douban.com/subject/1291870/,葵花卷,5.0,"""查理,带我回家""---腹黑兄控美少年与天才忠犬攻州际蜜月行",2011-05-24 12:01:03,
https://movie.douban.com/subject/1291870/,私享史,4.0,本片和几年后的《费城》一样，通过故事向公众“科普”当时尚不为公众所了解或正确了解的病症，其社会意义远大过电影本身。拿国内同样自闭症题材的《海洋天堂》来比较，则本片很巧妙地展现了AS/HFA的各种症状，而《海洋天堂》却并没能把ASD的主要症状传达给观众，纯粹沦为了道具。Sony Watchman第一次见,2014-01-30 01:04:53,
https://movie.douban.com/subject/1291870/,米粒,5.0,也没人告诉我这是公路片啊！不然我早就看了。“其实他什么都明白”。深深的手足情，达斯汀霍夫曼惟妙惟肖，影帝当之无愧，阿汤哥也丢掉故意耍帅的表情，两个人都太棒了！找个人和你一起旅行吧，你会更看懂TA……,2011-03-06 15:33:28,
https://movie.douban.com/subject/1296909/,17950,5.0,"娘的,这就是货真价实的喜剧片",2006-10-12 17:42:13,
https://movie.douban.com/subject/1296909/,艾小柯,5.0,永远看不腻的喜剧！,2006-06-23 01:20:46,
https://movie.douban.com/subject/1296909/,嘉得乐,5.0,"看过不下20遍,从小到大都喜欢的电影",2006-02-21 17:31:16,
https://movie.douban.com/subject/1296909/,MaTown,5.0,老少皆宜，上海译制片厂献声,2009-01-12 08:30:00,
https://movie.douban.com/subject/1296909/,考拉,4.0,虽然不合理，但能够娱乐。,2008-05-20 21:20:51,
https://movie.douban.com/subject/1296909/,影志,4.0,“胜利属于我们” 没想到60年代就能产出如此纯粹的喜剧。,2019-06-20 13:06:35,
https://movie.douban.com/subject/1296909/,余小岛,4.0,果然是英国和法国人拍的，德国人看到不得气死。。他们这是赤裸裸的把德国人当傻逼啊。,2013-07-21 00:36:29,
https://movie.douban.com/subject/1296909/,昵称被占不开心,4.0,永远看不腻的喜剧,2017-02-26 20:38:43,
https://movie.douban.com/subject/1296909/,外出偷狗,4.0,结果所有人都穿过德军制服了。,2017-07-08 23:26:30,
https://movie.douban.com/subject/1296909/,犀牛,5.0,从小看过几十遍了吧，至今每看必笑，真正的好电影,2006-03-02 13:37:39,
https://movie.douban.com/subject/1296909/,良夜正迢迢,4.0,在此次温馨愉快的逃亡过程中，敌我双方都无一人伤亡（真的！）,2021-09-30 19:35:25,
https://movie.douban.com/subject/1296909/,津五渡,3.0,法国要有豆瓣，估计《举起手来》也能进250 。,2016-01-11 12:45:51,
https://movie.douban.com/subject/1296909/,谋杀游戏机,4.0,经典二战喜剧，团结反法庶民群像。澡堂里的鸳鸯茶，没了头的将军蛋糕，阴差阳错敌方共枕，斗鸡眼的德国炮兵，一系列错置，啼笑皆非。《王中王》，《飞行器里的好小伙》...再加上出色的译制，味道就出来了。,2012-10-19 10:46:22,
https://movie.douban.com/subject/1296909/,蓝色啄木鸟,5.0,"很喜欢的一部法式幽默喜剧片，里面有很多梗，“鸳鸯茶""""鸳鸯茶""。重温仍然让人捧腹不止，也很怀念上译的配音！",2017-02-08 20:50:36,
https://movie.douban.com/subject/1296909/,眠去,5.0,果真是经典。,2007-10-19 13:05:13,
https://movie.douban.com/subject/1457217/,无语望天,4.0,给小天狼星,2016-12-12 23:42:25,
https://movie.douban.com/subject/1457217/,国王KING,5.0,和奶奶在影院看的第一部，也是最后一部电影。虽然奶奶看不懂，但还是认认真真地陪我看完了，散场后说“如果你表姐也在就好了，她会喜欢的”。07年夏天暑假在广州一个小电影院的回忆，无比怀念。我和哈利一样，都失去了最亲的人。奶奶，希望远方的您，一切安好。,2009-08-11 23:32:24,
https://movie.douban.com/subject/1457217/,摇曳萧萧下,4.0,秋张同学迷人的样子教我忍不住吐了好多回。于谦儿才不是包子脸，你才是你才是。,2010-06-01 04:23:28,
https://movie.douban.com/subject/1457217/,Tari,5.0,"在b站看时，小天狼星死的时候，有一条弹幕大概是说，这是哈利第二次知道原来一条咒语就可以夺走一个人的性命，第一次是学长，现在是教父。真是感慨。
魔法部来的老女人实在是招人讨厌，不过想想也算是对当下教育现状的一种讽刺吧，很多年过去了，这段仍然可以拿出来针砭时弊。",2020-12-19 21:48:18,
https://movie.douban.com/subject/1457217/,♣lùlu♣,5.0,其实我不记得我看过没,2007-06-29 12:31:44,
https://movie.douban.com/subject/1457217/,Mr.Cookie🌈,5.0,乌姆里奇的形象塑造的很好，即使在剧中是个反派。粉红色的突兀鲜亮风格行走在黑色绅士低调画风的城堡里显得尤为突兀，与她的处处挑刺相呼应。另外她办公室里非常众多的可爱猫咪、喝咖啡加两勺糖、总是似笑非笑的狰狞表情以及纯粉的办公室风格等细节都与她的刻薄歹毒的特点形成强烈反差，戏剧性很强也很滑稽。,2021-09-29 12:25:47,
https://movie.douban.com/subject/1457217/,汝就做吾的犬吧,4.0,这部看得还是比较开心的，情节展开得很紧凑，一开始就直奔主题了，食死徒和凤凰社打得也比较精彩，伏地魔和邓布利多那场也很华丽，还有双胞胎让应试教育吃瘪那段也很过瘾。要说不满意的话有一点倒是真不大满意：那个中国姑娘长得实在是…,2011-08-07 23:21:18,
https://movie.douban.com/subject/1457217/,🕊️,5.0,在教室点燃的反叛的烟花，抵制入侵时闪回的每个关于爱和友情的瞬间，都熠熠生辉。,2022-08-19 21:21:14,
https://movie.douban.com/subject/1457217/,齐木楠雄,4.0,后面3集比前4集差一点,2016-10-21 15:28:03,
https://movie.douban.com/subject/1457217/,Hyde,5.0,奠定我价值观的一部作品，最爱电影最后一幕双胞胎冲出来撒糖果，去他吗的伏地魔，去他吗的食尸徒，我为我的信念而战。,2022-03-28 15:55:47,
https://movie.douban.com/subject/1457217/,bibobibopa,5.0,这部我看过，死亡诗社,2024-11-08 14:38:23,
https://movie.douban.com/subject/1457217/,Alein,5.0,可惜乌姆里奇太多而小天狼星太少 纳威真的很可爱啊,2024-01-29 17:39:45,
https://movie.douban.com/subject/1457217/,StevenTong,5.0,第五輯是在上海看的3D版，故事非常離奇。本來那天訂好了晚上7點浦東的飛機回香港，然後下午在大舞臺附近逛的時候看到有戲院首映這部電影，然後看看時間還剛剛來得及可以看。誰知進去售票處一看，排了好長一條隊，而且買的都是下一場的票。正當我要打消這個念頭的時候，突然有個男人問檢票的人可不可以退票，是一張即場的票... 接下來就是那種老掉牙的對巧合的感歎，忽略。但3D的效果果然提升了精彩度，遺憾是眼鏡竟然要回收，本來還想為這個奇妙的經歷做個紀念...,2009-06-10 02:17:50,
https://movie.douban.com/subject/1457217/,糯米团子,5.0,超级喜欢这部电影里的韦斯莱双胞胎兄弟，放烟火的情节太燃了，邓布利多军一起反抗乌姆里奇的剧情让人热血沸腾。哈利和韦斯莱一家过圣诞节是暗黑故事里为数不多的温馨时光，小天狼星对哈利的关爱和信任带给哈利勇气和力量。首次出场的卢娜伶俐聪敏，纳威每一部都在有条不紊地成长，永远爱霍格沃茨的群像故事。,2024-11-10 13:16:03,
https://movie.douban.com/subject/1457217/,给我个电话亭，我要拯救地球！,4.0,之前一直不敢看呢真是…闪光点都是龙套 跟着英国最好的演员演了这么多年戏还一点长进没有的猪脚真是令人拙计,2012-07-24 09:56:57,
https://movie.douban.com/subject/25807345/,思路乐,5.0,【B+】我隐隐约约的感觉，最后那个最完美的平行世界的所有人，其实都是由不同平行世界的人组成的，也就是说，很可能他们都已经杀了自己，最恐怖的一种假想...,2018-09-24 20:58:06,
https://movie.douban.com/subject/25807345/,黄青蕉,5.0,真·烧脑，认真看了两遍。第二遍主要注意一些细节，杯子啊衣服扣子啊还有走错门二人组拿箱子跑的时候塞进去的隔热手套……最后总结，如果以女主视角来看，到她落单遇上伪老公吓回屋子往后，身边已经没有一个是最早跟着出来的那拨人了，一个觉得自己被全世界抛弃的人其实做出什么来都不奇怪啦,2014-12-15 00:55:59,
https://movie.douban.com/subject/25807345/,老晃,3.0,传说中的年度烧脑神作，其实还蛮贱嗖嗖的。情节跟得上，只一点疑问：类似故事（时空罪恶》《恐怖游轮》），大家不约而同选择了揭示人性黑暗面这个主题——为保全自我你必须杀死另一个（或一大堆）自己。我去，为毛啊？大家就不能组个团一起去海底捞涮小肥羊吗？,2014-09-21 02:22:50,
https://movie.douban.com/subject/25807345/,离,4.0,「量子力学的平行多宇宙学说，在交叉小径的花园里总会有一条路，让人们在生命中的每一个节点都得到幸福。 在每一次铭心刻骨的选择里，总有一个你选对了路 。在茫茫的恒河沙数的宇宙里，总有一个你，终生幸福。」所以，最后我选择了，留在那一个看似最好的版本，不惜干掉另一个“我”。,2014-09-25 16:36:41,
https://movie.douban.com/subject/25807345/,大島,3.0,如果我突然看见我自己来杀我，那就证明我过得还不错。,2017-12-03 16:28:02,
https://movie.douban.com/subject/25807345/,弗朗索瓦张。,5.0,没觉得有什么“烧脑”的，有的只是人类共享的对未知维度的震撼和恐惧。结尾毫无防备地从科幻硬是升华出了人性。强烈推荐这部画面烂到不如DV短片却出奇有力的作品。,2014-09-12 04:16:22,
https://movie.douban.com/subject/25807345/,Jin,4.0,遇到停电这种事难道不该马上洗洗睡吗,2015-02-20 17:56:47,
https://movie.douban.com/subject/25807345/,坍塌,5.0,平行时空不稀奇，神奇的是各路平行时空的交汇之后混乱的生活，看完真的有点恐怖。★★★★☆,2014-09-12 04:34:47,
https://movie.douban.com/subject/25807345/,匡轶歌,5.0,不知道我还是不是我。睡一觉，过一晚，说不定旧我早已被此刻打字刷豆瓣的我杀死调换，因为据说梦是平行世界的记忆显现。把自己敲死挖坑埋了这种念头，估计谁都有过。总觉得会有个更好、最好的自己，也是种心魔吧，得治。反正不管有多少个平行世界存在，我敢肯定，那些我不认识的我，也都爱涮海底捞小肥羊。,2014-11-04 16:51:18,
https://movie.douban.com/subject/25807345/,樹一,4.0,前面有点难看，最后几分钟有被惊喜到，女主找到了平行空间里最好的男主，却杀死了最好的自己。,2015-07-22 20:54:01,
https://movie.douban.com/subject/25807345/,文西,4.0,和来自地球的男人一样都胜在设计，往往在超自然的力量下面人类很容易暴露本性的缺陷，比如猜疑，鲁莽，自毁。这个电影在无数平行空间的外套下面，其实讲的是一个女孩，当她人生中的机遇都一个个逝去的时候，到最后她愿意付出任何代价去抓住最后一根救命稻草，甚至不惜去做一个替身。,2014-09-10 12:29:19,
https://movie.douban.com/subject/25807345/,余小岛,5.0,看到我意识到他们都不是原来那个房间的他们的那一瞬间简直毛骨悚然，这才是真正的惊悚片好吗。可以再刷几遍。,2014-10-08 20:58:15,
https://movie.douban.com/subject/25807345/,zearq,,从女的主动离开房子之后片子整个逼格都高了,2014-10-07 15:43:58,
https://movie.douban.com/subject/25807345/,Yurikhan,5.0,选一个存档，继续你的人生,2015-01-09 15:47:26,
https://movie.douban.com/subject/25807345/,蜉蝣,3.0,看不太懂。然后晚上看到一半想起来钥匙还挂在门外的时候，真的想哭。,2014-11-21 06:42:59,
https://movie.douban.com/subject/1291879/,自在渍,4.0,如果不是那一阵风,2010-06-13 10:45:58,
https://movie.douban.com/subject/1291879/,Over5,4.0,谎言是人性的救命稻草,2007-03-20 10:47:13,
https://movie.douban.com/subject/1291879/,瞳,5.0,想起史铁生的一句话：“历史在发生时未被发现，在发现时已被重组”，没有绝对的真实能在叙述中被还原。很赞同看过的一个说法“谎言的对立面是宽容”，听者的理解力与接受度影响着叙述者对真相还原的保留度，你若能对他的懦弱退让和罪恶表示宽容，兴许由着这份信任就能更贴近真相了。,2010-11-10 23:09:35,
https://movie.douban.com/subject/1291879/,握不住的灵魂,4.0,「人对于自己的事不会实话实说，谈他自己的事的时候，不可能不加虚饰。这个剧本描写的就是不加虚饰就活不下去的人的本性。甚至可以这样说：人就算死了也不会放弃虚饰，可见人的罪孽如何之深。这是一幅描绘人与生俱来的罪孽和人难以更改的本性、展示人的利己心的奇妙画卷。诸位说仍然不懂这个剧本，因为,2012-08-02 20:02:59,
https://movie.douban.com/subject/1291879/,rhyme,5.0,看于复旦三教的一个夜晚。走出教室，但走不出黑泽明。,2008-01-07 17:54:11,
https://movie.douban.com/subject/1291879/,A。,5.0,第一部黑泽明。这就是为什么，从终极意义上讲，人们或许无法相互理解与沟通的原因。意图到语言是一层折损，说出到听见又是一层折损，人的背景、能力、心理都影响其讲话与倾听的重点。没有看到恶，看到的是人的胆怯、虚荣及局限。审判者藏于镜头后，象征着全知者/真相的缺席。认知上的敞开带来结尾光明,2013-08-10 22:15:57,
https://movie.douban.com/subject/1291879/,饥饿艺术家,4.0,在某处电锯装修声音中看了最恐怖的那段。很惊神。受不了日本女人没眉毛。。。,2009-06-24 14:15:28,
https://movie.douban.com/subject/1291879/,Q。,4.0,“住在罗生门这儿的鬼因为害怕人类的凶残而逃走了。”此类电影的开山鼻祖，但相对而言弱于原著不少，但毫无疑问，在50年代能拍出这样的一部电影，带来的震撼可想而知。人性中赤裸裸的谎言、软弱、猜忌和不信任，影片作为一面明镜，直入人心。★★★☆,2011-09-09 15:27:52,
https://movie.douban.com/subject/1291879/,琴酒,5.0,“我听说罗生门里的鬼因为害怕这里人的残忍而逃走。”比起四段论的谎言，乞丐对恶一脸了然于胸与凛然直视的狰狞表情让我浑身发冷，最后那场雨中的逼问竟然把我逼哭了。贫穷逼得善良变成了罪孽，谎言逼得人一步步审问自己无地自容，对错的底线都不再有资格坚守。黑泽续了个光明的尾巴，实在是不得不续。,2011-11-12 07:37:11,
https://movie.douban.com/subject/1291879/,米姐起飞,4.0,"如果早看便会早明白一些事,但有些错仍需不可避免地犯.所以不必费劲脑子想那些没亲眼见到的事.见到都未必与对方达成共识,何况只是听说只是异想.",2009-10-31 13:50:09,
https://movie.douban.com/subject/1291879/,影志,3.0,“我对人类又充满了信心” 这个信心恢复的有点快…,2019-04-14 18:17:20,
https://movie.douban.com/subject/1291879/,暖鱼,5.0,倒没见着大的恶，只见到了人的软弱以及在他人面前掩饰这软弱。。或许软弱就是恶？片头还以为是中国片呢，林中那段光影很不错。里面的笑声有些做作。。。,2009-02-23 00:23:32,
https://movie.douban.com/subject/1291879/,大头绿豆,3.0,在那个时代它肯定是一部开创性的好电影，但显然无法取悦现在的观众。所有关于人性的讨论都是以对白给出，并且竟然出自乞丐和樵夫。以三船敏郎为首的几个演员，演技跟《七武士》时期几乎一样表面、浮夸，以及慢半拍。人性部分，相信芥川龙之介的原著剖析得会更深刻。,2013-07-04 20:19:40,
https://movie.douban.com/subject/1291879/,袁牧,5.0,摄影机第一次进入了森林的内在，三船敏郎奉献了自己不断变化，放浪形骸、富有层次感的高超演技。,2010-01-27 17:37:00,
https://movie.douban.com/subject/1291879/,艾小柯,4.0,1950年，震撼！,2008-10-12 16:32:57,
https://movie.douban.com/subject/25980443/,哪吒男,5.0,我和我不想要的后半生，我和我不愿意和解的自己。你们都朝春天去，就留我在破碎里又丧又美丽。,2017-01-25 14:34:11,
https://movie.douban.com/subject/25980443/,Saltsalt726,5.0,有時關不上冰箱的門 腳趾撞到了桌腿 臨出門找不到手機 嚎啕大哭 你覺得小題大作 只有我自己知道為什麼,2017-02-02 20:41:35,
https://movie.douban.com/subject/25980443/,布鲁斯老师,5.0,我们都有权利不与自己的过去和解。#2016TIFF,2016-09-15 07:53:27,
https://movie.douban.com/subject/25980443/,是心,5.0,我最怕的就是这种电影，看完以后什么都讲不出，就想静静地待着，静静地沉溺在挥之不去的抑郁中。结局仿佛看到了光，又好似什么都没有。,2017-01-26 20:28:51,
https://movie.douban.com/subject/25980443/,toska,5.0,我冷漠的躯壳里，是抚不平的伤口和解不开的死结。,2016-12-01 17:20:20,
https://movie.douban.com/subject/25980443/,k,4.0,那些劝我们向前看的朋友，“不是所有人都可以和过去和解”,2017-01-25 23:52:52,
https://movie.douban.com/subject/25980443/,张维托,5.0,Lee说话是不是美国周杰伦,2017-01-20 08:08:43,
https://movie.douban.com/subject/25980443/,根,4.0,人生的伤口，二十五岁之前怪父母，二十五岁之后怪社会，最惨就是巨大伤口摊开在那里，腐臭流脓永不愈合，然而，无人可怪,2017-02-20 10:07:48,
https://movie.douban.com/subject/25980443/,同志亦凡人中文站,5.0,最好的生活流电影，难得的是叙事手法又带着变化。叔侄俩各自面对各自的失去，亲情恬淡而走心。没有刻意追求正能量，但曼彻斯特阴冷的海，就这样被琐碎和小幽默一点点填满。——就像全世界的雪，最终会带来全世界的春之苏醒。毫无疑问我的年度最佳。,2016-12-11 18:33:31,
https://movie.douban.com/subject/25980443/,CharlesChou,5.0,葬礼进行的时候，他听着宝宝的哭声，与那个试图安抚婴儿的男人共享着眼底羞为人察觉的一丝焦虑。他想伸手接过孩子，用他或许尚未消散的那种魔力让宝宝平静下来，又旋即意识到自己不能，也没有理由去为旁人阻止这种连锁的消耗。他累了也尽力了，相信所有人都是一样。,2017-01-29 00:35:26,
https://movie.douban.com/subject/25980443/,匡轶歌,5.0,10年啊，从《神枪手之死》的最佳男配提名起，我等着Casey摘影帝，十年。演技最被忽视，总是半红不黑的Casey，今年当是非你莫属。对痛苦的表达，就当这么朴素节制。送一句小津的话给那些说Casey面瘫的人：高兴就又跑又跳，悲伤就又哭又喊，那是上野动物园的猴子干的事。,2017-01-25 20:49:59,
https://movie.douban.com/subject/25980443/,陀螺凡达可,4.0,又名《回忆杀》。有遗憾和失望，二刷后感觉对角色的好感甚于电影，卡西的角色写得演得太饱满了，让我对这个角色产生了依恋感。,2016-12-14 06:09:43,
https://movie.douban.com/subject/25980443/,线性代数,5.0,"生活像是曼彻斯特的雪，干燥而冷硬，无情地嘲笑着折磨着裹挟其中的每个人，将最后一点温暖掩埋于六尺之下。""I can't beat it. I can't beat it.""",2016-10-03 08:38:12,
https://movie.douban.com/subject/25980443/,桃桃林林,4.0,生活流，如何绕过苦难，丧到骨子里的卡西，绕不过去的苦难。,2017-02-16 19:11:00,
https://movie.douban.com/subject/25980443/,牧风,5.0,如今的影评人动辄靠骂“中产阶级”来博人眼球，只要喊“中产阶级”去死就有SB点赞，这我忍了，可是！人家一水管工也要被讲成是中产阶级，实在替凯西咽不下这口气！看电影只看到“阶级地位”、“政治目的”，人电影没你想的这么黑暗！而且我天C也已有25%的人是中产阶级了， 各位中产请不要自己打脸！,2017-01-18 23:30:25,
https://movie.douban.com/subject/1309163/,米姐起飞,5.0,1.先入为主是王道。2.等人不要等過7年。,2008-08-24 17:50:37,
https://movie.douban.com/subject/1309163/,HalloZen,5.0,英俊的木匠啊，一見鍾情的表白竟然能支撐整個一生。如果在現實里能有人長情到這地步，哪怕是同性之間的相濡以沫，也值奮力擁抱死去時緊握雙手。她恢復記憶的時候不超過五分鐘，推開他的一刹那，比任何一次的分別還要惹人眼淚。最後算是圓滿，你不會失去什麽，在蹣跚、年邁、冰冷軀體，舊時的烈火中。,2010-05-30 17:03:30,
https://movie.douban.com/subject/1309163/,私享史,5.0,哭了！他把那房子做了疗养院。James Garner、Sam Shepard的演技哇！我喜欢Sam演的那个爸爸！,2007-01-19 23:22:54,
https://movie.douban.com/subject/1309163/,撒旦的表妹,5.0,最触动人的，不是17岁的初恋故事，也不是7年后的再次重逢，而是相守一生一直到老，互相约定来生之后握紧双手一起离开人世。如果只有前面的情节这只是一个普通的爱情故事，但是因为有最后这部分，好吧我被震撼到了，爱能创造奇迹。,2015-04-26 22:29:03,
https://movie.douban.com/subject/1309163/,Thanks God,3.0,爱情没有那么多借口，如果不能圆满，只能说明爱的不够。,2009-03-12 12:23:05,
https://movie.douban.com/subject/1309163/,小转铃,4.0,飞屋环游记前传,2010-01-29 20:21:16,
https://movie.douban.com/subject/1309163/,shu,5.0,Ryan Gosling 就是爱情理想主义的化身。。。,2011-08-15 19:34:18,
https://movie.douban.com/subject/1309163/,眠去,4.0,我会永远记住你。爱情没有那么多借口，如果不能圆满，只能说明爱的不够。,2008-05-15 10:21:54,
https://movie.douban.com/subject/1309163/,Ygirls,3.0,無關電影本身 我就是相當相當的討厭這種故事情節 明明已經分手 明明各自開始新生活了 爲什麽那麼多年之後還要闖入對方的世界 你們兩個舊情複燃 破鏡重圓 你們圓滿了那別人呢！現在的伴侶就不要了！這種自私的愛情不要也罷！要么就別分！要分手就滾遠！,2010-12-12 18:48:34,
https://movie.douban.com/subject/1309163/,影志,4.0,俗套的好看。“爱情没有那么多借口，如果最终没能在一起，只能说明爱的不够。”,2008-02-04 18:46:14,
https://movie.douban.com/subject/1309163/,曾良君,3.0,不是，我没有懂，他们为什么爱得死去活来。,2015-11-27 09:54:54,
https://movie.douban.com/subject/1309163/,二令目,5.0,Lon很好，Allie也是真的爱他，只是Lon太正常了，就像Allie晚餐牛排配红酒一样平常。但如果是Noah，那就是平静生活里的诗意，和被耽误迁徙、聚在湖中的天鹅一样充满意外又美好。爱情就是这样地充满矛盾，什么都匹配得刚刚好，反倒是很难产生爱情。,2022-06-10 22:57:45,
https://movie.douban.com/subject/1309163/,Q。,5.0,I'll be seeing u.. ★★★★★,2008-05-18 01:05:20,
https://movie.douban.com/subject/1309163/,布宜諾斯,5.0,这才是爱情呀,2007-07-13 22:11:38,
https://movie.douban.com/subject/1309163/,林||我们谈什么都像谈死！,3.0,"看的时候泪流满面,不是为它,而是为自己.一想到自己有可能余生都陷在对你的这种情感里面,我就不住的流泪.",2007-11-03 14:26:35,
https://movie.douban.com/subject/25864085/,小油飞,5.0,非常喜欢！这些年找一部不洒狗血不煽情的科幻片容易吗。要论科幻气质Ridley Scott比诺兰强太多了。喜剧的外表下是其实是格外正统的硬科幻路数，没有乱七八糟的感情线来喧宾夺主简直太棒。我最喜欢的地方是在求生的过程中完全没有强调对地球的执念，高潮甚至都不是回到地球，因为那完全不重要！,2015-10-03 11:23:15,
https://movie.douban.com/subject/25864085/,点金,5.0,本片完美展示了什么叫以逗逼的精神面对惨淡的人生 更加坚定了要做一个有逗逼精神的人 并且在逗逼的道路上找到一个一样具有逗逼精神的人,2015-10-03 12:43:19,
https://movie.douban.com/subject/25864085/,艾小柯,3.0,最精彩的还是Mark在火星上的生存体验，战胜一个个的不可能。美国英雄主义再次大放送，但因之前细节推陈的铺垫和节奏烘托，虽恶俗却也不乏感人。摄影质感依然保持了RS风，其余的情感刻画极尽精简。好看，但不隽永。3.5星。,2015-10-03 17:54:22,
https://movie.douban.com/subject/25864085/,末药煎肉塔,4.0,很好看的太空荒野求生记，马特达蒙一定是找了裸替他不可棱瘦的下来。另外贵国是有多想赚中国市场的钱，看到国家航天局直接笑出声了,2015-10-03 11:57:00,
https://movie.douban.com/subject/25864085/,影志,4.0,孤独如《瓦力》，求生如《荒岛余生》，乐观如《鲁滨逊漂流记》，逃生如《地心引力》…没《星际穿越》那么浩瀚，一个小火星胜似一个宇宙，逗比程度也不及原著一半，更多的是硬科幻和科普纪实。但说实话，连续三年太空科幻题材，或多或少有些疲劳，拍的又如此工整，无惊艳之笔、也绝非神作。,2015-11-12 13:54:23,
https://movie.douban.com/subject/25864085/,伊谢尔伦的风,4.0,挺好看的，但我不能理解北京群众怎么可能在下雪的天气里放着好好的暖气不要，集体露天围观一个美国人的死活……想了想觉得唯一合理的解释是我国媒体报道他是一位伟大的植物学家，开创了火星农业的崭新领域，堪称火星袁隆平……大家围观直播时旁边肯定还有人卖同款火星烤土豆。,2015-11-28 19:51:39,
https://movie.douban.com/subject/25864085/,ANNA,4.0,作为一部靠谱的lifeline真人版，本片以喜庆、欢乐、祥和的风格展现了一位资产阶级话痨斗士扎根火星种植土豆开荒的故事，最后纽约北京浪登三地大屏幕直播那块儿颇有春晚风采。看了本片你会意识到：1.学好指环王，走遍nasa都不怕；2.学好种菜，走遍宇宙都不怕。3.马呆不哭躲起来撸！,2015-10-05 13:31:03,
https://movie.douban.com/subject/25864085/,桃桃林林,4.0,这是一部难得很轻松的科幻片，影片有意弱化科幻片最常见的那些对未来以及未知宇宙的恐惧，而是大谈人定胜天和科学拯救人类。片中有着技术宅独有的蠢萌与乐观（当然，这也与马特·达蒙出色的表演密不可分）。即便影片在情感设定上略嫌套路，却仍能在关键时刻打动观众,2015-11-25 14:30:46,
https://movie.douban.com/subject/25864085/,木卫二,3.0,土豆的365种吃法？,2015-11-26 23:20:33,
https://movie.douban.com/subject/25864085/,Figaro小姐,5.0,10 of 10. 除了火星红色的奇妙美景以外，影片最大的魅力在于表达的浅尝辄止：看到了一点官僚主义，看到了一点“no one left behind”，看到了一点美式幽默感，但归根结底，这是关于一个人竭尽所能对抗自然的故事，关于人的无限潜力，关于宇宙的不可抗。这些不可预料在一部丰富的电影里显得单纯而迷人。,2015-10-04 13:26:04,
https://movie.douban.com/subject/25864085/,黄青蕉,5.0,这部片子殴打了所有嚎叫“我们要新故事”的片方的脸。两百多年前的鲁滨逊漂流记放到太空拍一样精彩，爱我雷，请长命百岁,2015-11-29 15:16:26,
https://movie.douban.com/subject/25864085/,明安,4.0,马特达蒙你咋老浪费国家的钱……,2015-10-18 09:15:32,
https://movie.douban.com/subject/25864085/,XU,2.0,本来可以上升到艺术哲学的高度却停留在了科学的层面，男主角一个人在火星竟然没有引发任何精神层面的哲思也是服。结尾那种美国选秀欢庆真的请滚,2015-10-11 17:30:20,
https://movie.douban.com/subject/25864085/,72%海盐巧颗粒,5.0,太空电影可以不拍成一个人孤独战斗的缩影。无论多么绝望都剩下最后一点掐不灭的希望，这点太喜欢了，这种设定也很适合马特达蒙自身。,2015-10-03 12:14:33,
https://movie.douban.com/subject/25864085/,沈意意要多读书,5.0,情节紧凑，没有刻意制造的转折，每个人的行为都很合理，没有故意的煽情，几乎避开了我所有的雷点。强烈推荐！,2015-11-25 15:03:44,
https://movie.douban.com/subject/1292401/,大头绿豆,4.0,1、每当我对世局倍感忧虑时，就会想到希思罗机场的入境闸口。人们认为世界充满仇恨与贪婪，但我却不同意。在我看来爱无处不在，虽然未必来的轰轰烈烈，但是爱永远存在。父子，母女，夫妻，男朋友，女朋友，老朋友，当飞机撞上世贸大厦时，临终打出的电话，谈的不是报复，而都是爱。如果你肯留意，你会发现爱其实无处不在。love actually is all around.,2006-10-14 13:04:58,
https://movie.douban.com/subject/1292401/,大灰狼,4.0,至少能干掉几十部《全城热恋》吧,2011-02-25 10:27:40,
https://movie.douban.com/subject/1292401/,UglyBerry,,我最期待的那一对没有走到一起。,2011-01-07 10:13:20,
https://movie.douban.com/subject/1292401/,Kaizuper,2.0,大杂烩，做作，人多图个热闹气氛了,2011-03-14 01:01:09,
https://movie.douban.com/subject/1292401/,亵渎电影,5.0,我的圣诞必备，年年都是看这个，年年心情大不同，有时候一个人，有时候两个人，有时候一群人，今晚又是一个人，心里偶尔想着另一个人，偶尔想着一群人。★★★★★,2011-12-24 23:48:55,
https://movie.douban.com/subject/1292401/,卢十四,4.0,像我这样一个对外国电影了解不多的观众，看的时候一直处于“我靠这个人好眼熟，这个人不是那个谁吗，这个人是大牌吧，这个人我知道名字！……”的状态中。,2015-02-25 12:14:57,
https://movie.douban.com/subject/1292401/,奎斯Chris,4.0,"我不明白,如果导演早就决定给个皆大欢喜的结局,为什么又不给得彻底点呢?",2007-05-25 02:57:11,
https://movie.douban.com/subject/1292401/,海心,5.0,从头哭到尾，心里暖，而遍体生寒，寂寞无处隐身，生生将我蚕食。,2008-10-30 22:06:53,
https://movie.douban.com/subject/1292401/,沉歌,5.0,寂寞的圣诞夜一个人看这种电影，看完觉得更寂寞了！,2010-12-25 18:19:39,
https://movie.douban.com/subject/1292401/,已注销,5.0,还有比受爱情煎熬更惨和更甜蜜的事吗？,2008-01-12 16:07:04,
https://movie.douban.com/subject/1292401/,朝暮雪,4.0,“这是我一天当中最欢喜的时候，载着你。”“这是我一天当中最痛苦的时候，离开你。”,2016-12-22 11:14:07,
https://movie.douban.com/subject/1292401/,xjxiidjsns,5.0,Where the fuck is my fucking coat?,2008-06-24 19:22:02,
https://movie.douban.com/subject/1292401/,shu,5.0,Colin Firth和葡萄牙女的爱很打动人，男生对好友妻子无声的爱简直了，小男孩儿的爱也是。。。总之越看越喜欢。,2008-02-27 22:11:15,
https://movie.douban.com/subject/1292401/,刘康康,4.0,可以称之为浪漫爱情片俗套桥段大全，但看完之后，心里面就是暖暖地充满正能量，哥们儿就喜欢俗的！爱上好朋友老婆那个故事，最后圣诞夜告白的段落拍得真是感动死了！,2013-01-08 15:16:43,
https://movie.douban.com/subject/1292401/,同志亦凡人中文站,3.0,上至正太下至首相都在谈恋爱，单身狗不配过圣诞。剧情什么的都是浮云了，我就看看演员～ (@﹏@),2016-12-28 01:38:13,
https://movie.douban.com/subject/1304141/,朝暮雪,5.0,"《黑客帝国1》还比较容易看懂，《黑客帝国2》《黑客帝国3》就很深奥了。
造物主（Architect）负责维持母体的平衡，先知则负责引导母体中的人们觉醒。
两个人的共同作用下，母体中的人类社会稳定进化，机器人也从中吸取经验。
这也是机器人“种植”人类的终极目的，并不仅仅是用人类发电，更是为了学习人类，从而实现进化。
锡安之所以存在，也是机器人故意让它存在。
机器人无法避免母体出现bug（也就是有人觉醒），所以就等他们觉醒、等他们组建反抗军。
机器人每隔一段时间就来一次大清洗，把反抗军歼灭，然后再把母体重启。
这种大清洗已经进行过5次了，这是第6次了。
前5次的结局都是反抗军全军覆没，母体重启，而尼奥的出现让世界首次出现了不同的结局——和平。
人类和机器人互利共生，共同进化。
但是这种和平又能维持多久呢？",2012-08-18 01:26:27,
https://movie.douban.com/subject/1304141/,花间一姐小渡边,5.0,第一部对现实说的很清楚了，第二部就让我们见识一下，这些发现真相的人类会怎么做。最精彩的莫过于里面Neo和先知的对白了，解释了宇宙、自然和社会的现象。其实这里有一个伏笔，那就是程序的命运和终点。真实世界与虚拟世界是共通的，电影在让主角们努力拯救自己的家园的同时，也在探讨这一点：万物运转的规律。神仙其实只是一个程序，外星人和妖魔鬼怪只是系统出了bug,2016-01-21 22:23:34,
https://movie.douban.com/subject/1304141/,米粒,5.0,第二部商业了点，打打杀杀太多。。不过总体还是牛逼的，竟然有莫妮卡贝鲁奇。。。,2009-12-29 16:47:20,
https://movie.douban.com/subject/1304141/,同志亦凡人中文站,5.0,关于虚拟/现实的世界观让人叹为观止。,2012-07-20 19:58:20,
https://movie.douban.com/subject/1304141/,葱,4.0,剧情都在后20分钟，前面一大段都在不停地打打打打打打打，每一段打斗剧情结束我都会想不起来他们怎么会打到一起去的……,2012-05-23 00:05:52,
https://movie.douban.com/subject/1304141/,Karuto,4.0,第一部故事讲得太优秀太完整了，而且暗地里留了那么多可以延伸的线头，剧组选择了两个：从时间上延伸——救世主不是唯一的，尼奥经历的已是第六次人类补完计划；从空间上延伸——引入锡安和机械城这两个大终端。前者很成功，后者挺失败。全片主旨总结下来，其实只要三段对话就够了：在锡安深夜和议长聊；在院子里和先知聊；最后和建筑师聊。中间打了一个漫长的法国佬副本，匆促、媚俗、无聊。建筑师那段我隔了十几年才看明白：尼奥做出的选择不是「救妹子」，而是通过拒绝背人类补完计划的锅，选择了代表着自由意志的「选择」本身。,2020-04-09 13:58:23,
https://movie.douban.com/subject/1304141/,托尼·王大拿,4.0,贡献了大量极为精彩、充满想象力且必将永载影史的动作场面，但过多的动作场面同时也挤占了另一层叙事的空间，矩阵也好锡安也罢其实只是对前作的小量扩容，但设计师点明的系统调节机制终于让世界观升级，而尼奥在之后独特的选择也证明了两个沃卓斯基对爱与自由意志的笃信。,2010-08-20 03:22:32,
https://movie.douban.com/subject/1304141/,RehearsalForMe,5.0,在Neo要选择是救女朋友还是全人类的时候，我竟然想到陀思妥耶夫斯基的「爱具体的人」，当然是要救具体的人啦。而最后他成功救下她，我想到加缪说的，荒谬当道，爱拯救之。,2022-01-28 20:32:20,
https://movie.douban.com/subject/1304141/,宋不吃,5.0,议会中没有黄色人种。Oracle的卫士是黄色人种，钥匙制造者是黄色人种。Neo最大的错位就是不该有爱？貌似Oracle也一直知道Neo的梦境，但是她并不点破。在reload或者选择心爱女人的选择题中，Neo显然是选择了救眼前的爱人。一群电脑人和Neo打架那一段真是牛啊。没想到2003年的电影技术已经这么牛逼了。,2012-12-06 22:59:15,
https://movie.douban.com/subject/1304141/,居无间,5.0,看似说因果和目的，其实在讨论「存在」，而人的存在是由一次次选择构成的。整体上，概念的展开不如第一部，不过，故事结构和人物关系仍旧承接，视觉与动作全面升级。,2020-02-02 09:58:40,
https://movie.douban.com/subject/1304141/,文泽尔,5.0,补标 为什么总有这种不知看过多少遍的片子没有标 总感觉是被删评了回档了,2019-12-17 08:32:56,
https://movie.douban.com/subject/1304141/,junepig,3.0,爱情真可怜，动不动就被拿来被当作救世的对立面，爱情太反人类了。。。,2008-07-02 14:48:01,
https://movie.douban.com/subject/1304141/,拔剑四顾心茫然,5.0,先知所知皆为悖论，不过是当局者迷的无知与未知。预言所言皆为空话，不过是自欺欺人的谎言与诺言。程序渴望完美，但人性总有缺陷。数据讲求精确，但未来总有偏差。如果毁灭与拯救是预先定好的戏码，唯独反抗与清醒能摆脱命运的安排，绝对理性固然能带来秩序与平衡，但只有情感能够赋予世界创造和新生。首先最直接的影响，就是周星驰的《功夫》几乎完美复刻了尼奥与特工的百人大战，更不必说那场足以载入史册的公路追逐戏码，酷！黑客聚会堪比时装周现场，个性又统一，酷！古典乐与电子乐的结合让打斗更加流畅，堪称动作视听的标杆，酷！信息密度变小了，但深度却增加了，当所有人都认为救世主不负所托，必将拯救世界，他却义无反顾的选择了爱与自由：真正的救世，不是一时的拯救，而是打破程序设定的预言，让未来不可知。人类最大的缺陷就是离不开信仰。,2021-12-18 01:23:15,
https://movie.douban.com/subject/1304141/,思路乐,5.0,"【A】动作场面更加火爆,子弹时间一如既往的炫丽。但在商业片的外表下，黑暗的科幻哲学内核开始逐渐显现出来，一个更加恐怖的虚拟世界露出了冰山一角，而且，这还只是一角而已。真不敢想象第三部会有多黑暗。",2017-07-12 10:07:30,
https://movie.douban.com/subject/1304141/,梦里诗书,4.0,《黑客帝国2：重装上阵》作为一部承上启下的续作，在出色沿袭电影首秀风格的同时，技术的革新，更打造了一场为人惊艳的黑色盛宴，这一点无论是尼奥对战100个同样的史密斯，还是长达14分钟的飙车追逐，都可见一斑，其所带来的视觉震撼，成为了至今诸多电影所效仿的典范。,2016-07-16 08:36:09,
https://movie.douban.com/subject/4202982/,叶扬 | 独眼,3.0,女建筑师的孤独,2014-02-07 04:23:59,
https://movie.douban.com/subject/4202982/,香槟塔,5.0,somebody is worth melting for.迪斯尼的动画片又一次的超越。当真爱的举动不再局限于真爱之吻。迪斯尼的公主已经不是命运的无辜的受害者。,2013-11-27 11:51:16,
https://movie.douban.com/subject/4202982/,decidels,,两个女主没亲上去真是太对不起观众了···,2014-01-18 01:17:40,
https://movie.douban.com/subject/4202982/,陀螺凡达可,4.0,迪斯尼首次让出柜演员为男主配音，并通过故事向同志青少年及其家人传达出认同和出柜的积极信息，对真爱的重新定义与女权向也是自我突破。不墨守陈规也不刻意讨好成年观众，用最迪斯尼的公主童话满足全年龄受众。百老汇级别歌舞戏大赞。Elsa是首个没遇到王子的迪斯尼公主，Let It Go是出柜之歌#想太多#,2013-12-05 07:06:57,
https://movie.douban.com/subject/4202982/,小斑,5.0,pixar看到没有！这才叫「女性向动画片」。在主题设定上可解读性深了很多——「坦陈秘密获得自由」和「家人的爱融化冰雪」——成年观众完全可以作出自己的解读。除了祭出「歌唱必杀技」之外，在「真爱」这个项目上Disney终于突破自我。北欧风情还有在儿童向动画中颇反转的诡计。开头的短片加分。,2013-12-08 06:06:22,
https://movie.douban.com/subject/4202982/,Wendy,4.0,一对百合一对兽人，专注黑王子一百年！,2014-01-15 21:24:45,
https://movie.douban.com/subject/4202982/,É,4.0,论世俗偏见对于同志自我认知及出柜的影响。,2013-12-25 06:38:23,
https://movie.douban.com/subject/4202982/,鹿鸣之什,5.0,拯救公主的不是王子的爱情之吻，而是女王姐姐的亲情拥抱，当然最后公主和穷小子依然相吻了。姐妹百合挺令人浮想联翩，我也乐得接受迪斯尼的开放暗示。Elsa的能力很有点“同志隐喻”，从小被要求隐藏，长大后被众人当成怪物，自己也活在恐惧之中。Let it go是自我解放的出柜之歌，骄傲于“我就是我”。,2014-01-27 11:10:38,
https://movie.douban.com/subject/4202982/,爱幻想的小孩,5.0,近些年看过最好的迪士尼动画片。纵然有很多部影片的影子，但是拥有很独特视角，聚焦于姐妹情，而不是传统的王子公主幸福地在一起。人物刻画深刻，所有人都有多维不单一的性格，引入两个女性主角也是前所未有的。音乐绝对是百老汇级别的，并且是storytelling的完整组成部分，不是为了唱而唱。精彩至极！,2013-11-11 11:00:00,
https://movie.douban.com/subject/4202982/,费德里科维奇,4.0,迪士尼总能在俗套和惊喜中迎刃有余，于我好于破坏王好于原始人，开头妹妹一个人在城堡里唱唱跳跳眼眶竟然有热泪划过，勇敢依旧是近几年的命题，最有笑点的动画不同于小黄人的卖萌趋势，没有刻意煽情太加分。The happiest snowman is worth melting for！,2013-12-08 14:32:09,
https://movie.douban.com/subject/4202982/,Secondstar2TR,5.0,我不知道是每个人看都有还是只有我们电影院有前面那段米老鼠的？ 前面那段棒死了！  ！ 特效我看着也特别的美！！最后女主冻成了草原英雄小姐妹即视感－－,2013-11-30 11:27:00,
https://movie.douban.com/subject/4202982/,GarethL,5.0,迪斯尼去年年底是无敌破坏王，今年是冰雪大冒险...原来到最后是个百合片，全片音乐太精彩，从开头的劳动号子到主体旋律无不是值得下OST的...冰雪魔法效果非常赞...故事也至少不是俗套的王子公主（都说了是百合）...强推,2013-11-30 10:10:40,
https://movie.douban.com/subject/4202982/,刃,5.0,百合爱大赞啊！不落俗套！好爱！,2014-01-12 01:01:15,
https://movie.douban.com/subject/4202982/,icebloom,5.0,这完完全全就是迪斯尼的出柜动画：Elsa与众不同的魔法即代表同性恋。整部电影都在影射与异性恋规范主义以及社交准则的偏离，隐瞒并懊悔自己的性取向，以及最终通过爱对自己的认可。毫无过度解读的嫌疑，Let It Go的歌词已经非常明显。特殊时期，被狠狠击中。,2014-01-21 13:18:40,
https://movie.douban.com/subject/4202982/,匡轶歌,3.0,结尾处的翻转太生硬了。要完成各种意义上的解构，也不一定非让王子一抹脸一亮獠牙，瞬间变坏人吧？一部片子里就非得有个脸谱化的坏人角色麽？塑造一个“爱情不在人情在”，能够尊重女性，尊重对方的选择，优雅转身，大方洒脱的正直男性形象，更符合时代精神，也更符合爱情真谛。,2014-02-07 17:53:46,
https://movie.douban.com/subject/2222996/,亵渎电影,5.0,亲人只有一次的缘分，无论这辈子我和你会相处多久，也请好好珍惜共聚的时光，下辈子，无论爱与不爱，都不会再见。★★★★★,2009-09-10 02:38:25,
https://movie.douban.com/subject/2222996/,萨嘎摩多熊猫桑,4.0,人生就这么步履不停地前行着，那些舍得的舍不得的人和事总会一一远去，以至再也无法望见。你可能偶尔怀念，也可能丢了命似的道不了别。,2010-03-23 10:10:52,
https://movie.douban.com/subject/2222996/,水仙操,4.0,送走儿子后寡言的医生父亲念叨：“下次来的时候就是新年了。”与此同时儿子坐在远行的大巴上长舒一口气：“这次回家了新年之行总算可以省了。”转瞬下一个镜头就变成空的风景和儿子的画外音：三年后父亲死了。不多久母亲也走了，她最终也没坐上我买的车。这是日影特有的温情与残酷。玉米天妇罗。,2011-09-05 18:52:46,
https://movie.douban.com/subject/2222996/,Q。,4.0,"""你才25岁，你可以成为任何你想成为的人。""剧情没有什么起伏，不温不火，朴实平淡的对话，安静的生活，温馨的生活细节，这样讲出来的故事，总是娓娓动人。生命依旧不停的在循环，平淡、责任、羁绊、也许，这也叫做人生吧。当最后那只黄粉蝶飞出来的时候，却让人眼泪止不住的在流。★★★★☆",2011-02-09 21:29:47,
https://movie.douban.com/subject/2222996/,丁一,4.0,"夏至横山家，
小津屋檐下，
周围二三事，
外婆炸玉米，
攀折紫薇花，
追逐黄蝴蝶。
淡然疗心伤，
四肢渐愈合。
有了伴的路，
步履停一停；
牵了手的手，
岁月不回头。",2010-02-27 11:28:48,
https://movie.douban.com/subject/2222996/,达到厂,5.0,日本的家庭电影已经是世界巅峰了，步履不停是巅峰中的佳作。,2011-01-17 14:45:59,
https://movie.douban.com/subject/2222996/,文泽尔,4.0,试图用一个特殊的日子来讲述横山家数十年来的漫长岁月，不运用任何插叙，只是让时间一点点流过，从各人间的对话中了解这个家庭久远已逝的一切哀痛压抑温馨喜悦，然后日子还得淡淡前行。每个人物都刻划得立体有力，但是片长四分之三再往后有些情节：如蝴蝶入屋、孩子晨祈愿、多年后生孩子也开车等稍刻意,2010-08-07 05:33:06,
https://movie.douban.com/subject/2222996/,西楼尘,3.0,时光借由一部电影，在一天的限定内被无限拉长。淡如水却又酽如茶，传递着市井家庭气息，给人安定的力量。稀松平常的家庭团聚背后却是伤痕累累不愿提及的过往，明明暗中碰撞得很激烈偏偏表面上云淡风轻。萦绕在父母心里的丧子之痛，孩子心头的独立之殇，一家人洗好了澡，吹着晚风，围坐着仿佛没有芥蒂。,2015-09-03 00:16:50,
https://movie.douban.com/subject/2222996/,亚比煞,4.0,听说蝴蝶如果能够熬过一个冬天，来年就会变成黄色。从此，我每次看到黄色的蝴蝶，心里就会难过。,2016-07-23 09:41:11,
https://movie.douban.com/subject/2222996/,冰山李,5.0,9.5；和解总是慢死亡一步,2009-04-11 21:27:26,
https://movie.douban.com/subject/2222996/,沉歌,5.0,我了解关于生命的哀伤，总是静默的，漫长的。,2009-04-27 17:52:59,
https://movie.douban.com/subject/2222996/,Doublebitch,5.0,我喜欢电影里的台词，真实不做作，却把这个家庭十几年隐藏的哀痛和矛盾表达的很清楚，最让人感动的莫过于倔老头子送走良多后那句像是自言自语般的，“下次来就是新年了吧”，父亲所特有的不动声色的爱啊～,2011-02-09 13:35:44,
https://movie.douban.com/subject/2222996/,57,5.0,东方人的日常生活中就是常常上演这种迟到的温情、无奈的残忍，并且自觉地不知悔改地步伐不停。秉承着同样的嘴硬和含蓄，他们塑造了家，捏造了国。,2011-04-26 22:05:06,
https://movie.douban.com/subject/2222996/,柏邦妮,5.0,是枝裕和说，《步履不停》是一个什么事都没发生的故事，除了细节别无旁物，因为，细枝末节累加起来即是生活。回想那一部看了无数遍的电影，不是什么事都没发生过。最喜欢一个细节是一只蝴蝶，宛如哥哥的亡灵飞过，平实的妈妈立刻狰狞如同疯魔，追逐亡故的长子的幻影。一个平常家庭的创口顿时撕裂。,2017-06-22 00:27:53,
https://movie.douban.com/subject/2222996/,同志亦凡人中文站,5.0,不知道什么时候起，一看到这种生活流的电影就泪如泉涌走不动路。人间烟火的气息，代代步履不停...,2013-12-27 22:54:30,
https://movie.douban.com/subject/26787574/,同志亦凡人中文站,4.0,有种糖放多了的感觉，精华基本都在预告里了。但对孩子们的纯真友情毫无抵抗力啊，就像被温柔的抚摸了一下软肋。Jacob Tremblay涂着厚厚化妆都能感受到演技，小李子真好意思把奥斯卡摆在家里吗...,2017-11-24 15:57:52,
https://movie.douban.com/subject/26787574/,桃桃林林,4.0,其实这更像当代童话，因为，实在是太暖了。里面每个人都那么暖，怎么可以那么暖，怎么可以那么暖！像一个暖心的童话故事。虽然，我也怀疑这样故事的真实性，但是，却喜欢被这样暖的故事感动，一度哭到不行。,2018-01-19 14:18:28,
https://movie.douban.com/subject/26787574/,根,5.0,在这种家庭里做一条狗都好啊,2018-01-19 18:17:25,
https://movie.douban.com/subject/26787574/,影志,4.0,“生命流逝太快，我们都没来得及多看对方一眼。” 那个帮助奥吉的同学杰克·威尔，在跟同学打架后，委屈扑在老师怀里的表情太心碎了…,2018-01-22 18:02:52,
https://movie.douban.com/subject/26787574/,光明小卖部🐵,5.0,所有人都知道是化妆只有我一个人以为请的真实病人出演吗。。。,2017-12-06 15:10:45,
https://movie.douban.com/subject/26787574/,巨米雨,5.0,"一碗甜而不腻的普世价值鸡汤，非常好喝。

看之前我以为是讲主角小男孩的，原来是章回体，每个人都有故事每个人都有视角每个人都有选择。

每个人都很美很好。

开演前基友给我说这部电影就像夏天一样清新，是啊没错，像泡在透明干净的玻璃瓶中的黄瓜水一样，安心又健康，还有甘甜味。",2017-11-30 15:09:07,
https://movie.douban.com/subject/26787574/,西楼尘,3.0,秋天排练的话剧春天才会公演，软盘誊抄的论文硬盘才能呈现。你无非是度过了五年级，时间却有魔法经历非凡。躲在卧室里的灵魂最向往蓝天，藏在头盔中的容颜最渴望看见。你其实并没有炸掉死星，楚巴卡会令有些人变得不凡。一杯水能让光影折射，一个男孩能让善良被选择。奥古是杯水，折射出每个人的善意。,2018-01-06 23:34:05,
https://movie.douban.com/subject/26787574/,null,4.0,结尾把奖颁给另一个小孩就好了，特殊人群需要的不是特殊关注，而是不被当成特殊人。,2018-01-30 23:22:04,
https://movie.douban.com/subject/26787574/,艾晨,5.0,五星推荐。不是想象的励志片，而是一部关于所有人的成长电影，就像那句话说的，聪明是一种天赋，但是善良是一种选择。电影并没有过分渲染小男孩，而是多角度展示身边的人，最终构建了一个充满天使和爱的世界。推荐有孩子的家长看，要知道，如果你们家有熊孩子，不是因为生的不好，而是你们教的不好。,2018-01-19 15:01:19,
https://movie.douban.com/subject/26787574/,私～川流,4.0,买票的时候很纠结，因为是完全可以预料到的剧情。这种温馨少年故事虽各各不同却又次次类似。若是你近来心情疲惫，这部电影是个流泪的好借口。,2017-12-06 17:14:08,
https://movie.douban.com/subject/26787574/,张小北,5.0,电影里的世界太单纯美好，但是，有些人还是愿意去相信一次的，不然我们为什么要去看电影呢？,2018-01-21 21:01:46,
https://movie.douban.com/subject/26787574/,木卫二,4.0,把“生而为人，很抱歉”，变成了“是个人，都应该与人为善”，多视角还挺有意思的。人与人的孤独重量，都是同一种地心引力。虽然不出意外的，所有人都是自带光芒的nice好人。,2018-01-20 00:25:16,
https://movie.douban.com/subject/26787574/,朝暮雪,4.0,很久没有一部电影能像《奇迹男孩》那样让我从头哭到尾了。,2018-01-06 19:39:00,
https://movie.douban.com/subject/26787574/,国王KING,5.0,To be true or to be kind？To be kind. 很虐心的一部戏，泪点密集，频频被击中。会眼湿湿是因为被人性的闪光点戳到了，很温暖。,2018-01-20 14:55:16,
https://movie.douban.com/subject/26787574/,愛永,5.0,比預告好看N倍！多重視角的敘事下，每個人都是主角，也都是配角。每件事都有兩種解釋，每個人都有不為人知的掙扎。善以待人，雖是老生常談，卻依舊是人生在世得以讓彼此過得更好最簡單的方式。,2018-01-10 16:01:21,
https://movie.douban.com/subject/1307394/,晚安小姐,5.0,爱情是一场没有尽头的虚幻追逐,2008-06-27 00:43:18,
https://movie.douban.com/subject/1307394/,弗朗索瓦张。,4.0,剪辑跟分镜做得比大多数真人电影还要细致！,2009-02-05 17:17:19,
https://movie.douban.com/subject/1307394/,A-sun*,4.0,剪辑要不要这么这么好。,2010-01-10 22:54:33,
https://movie.douban.com/subject/1307394/,喽喽,4.0,纯真让人永远年轻！有多少人，已经被亡灵打败了！忘记了追逐？,2010-12-25 00:26:48,
https://movie.douban.com/subject/1307394/,颜小兽,5.0,太敢想了，前一刻钟都没有入戏，入戏以后觉得时间飞快。故事再复杂画面再花俏都没有关系，主题超简单，简单到想哭：我爱你，穷尽一生也要找到你。我不能向糟糕的一切投降，糟糕的标准，糟糕的规则，糟糕的世俗标签，都离我远一点。那些狂喜和剧痛，那些寻找和梦想，都是爱的代价。但我觉得值。,2011-10-05 23:58:19,
https://movie.douban.com/subject/1307394/,寂地,5.0,"看到后来哭得岔气了..不是悲伤的,那是让人觉得几乎有某种幸福感的温暖.不知道该如何形容.",2006-01-01 16:36:02,
https://movie.douban.com/subject/1307394/,张小北,5.0,只有动画片才能完成如此精妙的视听语言的组合。教科书级别的剪辑和调度。,2016-02-06 21:48:20,
https://movie.douban.com/subject/1307394/,Q。,4.0,“我一天比一天更爱他！”爱是困惑一个人终生的魔咒，花尽一生的时间来追寻那个永远也无法接触到的影子。叙事手法新颖，华丽的剪辑也是无可挑剔，但剧本始终太过平庸，有炫技之嫌。★★★☆,2011-04-17 00:51:17,
https://movie.douban.com/subject/1307394/,yamamaya,5.0,精彩，女人爱上的永远是爱，而不是人，我们从爱的感觉中获得满足，获得存在的快感，至于对象是什么已经不再重要（宝塚长盛不衰就是这个理,2010-08-05 17:27:16,
https://movie.douban.com/subject/1307394/,掀桌超人,5.0,人生如戏，戏如人生。用这样的方式来讲述这个凄美的故事，佩服作者,2006-12-18 17:10:19,
https://movie.douban.com/subject/1307394/,黑刀,5.0,刚看完《千年女优》，哭到泣不成声。,2009-10-31 21:44:54,
https://movie.douban.com/subject/1307394/,昏金暗玉,3.0,从第65分钟开始， 有一个长达5分钟的蒙太奇段落，这是最优美的一个段落，奏响了女主角一生华美的乐章，构成了主题：她一生都在演同一出戏。且，等一世为看一眼，如何又算贪。何况她还能喊出：“我一天比一天更爱他！”……“我一直在追逐他因为我喜欢他啊”。那是少女情怀，她保持了终身。,2008-10-20 21:04:16,
https://movie.douban.com/subject/1307394/,亵渎电影,4.0,串联起来的不仅仅是电影史。,2014-10-14 08:22:57,
https://movie.douban.com/subject/1307394/,seabisuit,4.0,2001飞向太空，献给大制片厂时代，致敬我们所喜欢的女演员，其实也是导演本人的缩影。天马行空的穿越片场，跨时间空间的尽可能展现动画的魅力，把一生记录在摄影机里，而真正爱的也是追逐电影这项艺术的旅程。资料馆胶片版，朝拜窒息的观影气氛。,2018-06-01 23:16:48,
https://movie.douban.com/subject/1307394/,同志亦凡人中文站,5.0,如梦如幻的影海穿梭，天马行空的（反）叙事结构，初见即是千年。“我真正爱的是追逐他的旅途”，关于爱，只是爱，一封署名今敏的情书。（导演的才华太让人叹为观止了，看一部少一部！！！！！）,2015-09-04 08:31:37,
https://movie.douban.com/subject/1308767/,Song³,5.0,拍摄利落。全片大量采用了近景跟随拍摄，追逐逃亡场景用极短的镜头剪接连缀，没有用近几年时髦的慢动作、子弹时间、镜头满天转等特效。但是一样达到了让人屏住呼吸、目瞪口呆的效果。汽车追逐片断中近距离车内拍摄的碰撞场面尤其惊心动魄，远比其他动作片中动辄撞坏十几辆车来的惊险刺激。,2009-04-26 20:23:25,
https://movie.douban.com/subject/1308767/,暖鱼,5.0,整个片子干净利落，扣人心弦。对自我身份的确认与对过去的救赎又让影片多一份厚重。,2007-08-18 02:50:07,
https://movie.douban.com/subject/1308767/,Baristina,4.0,俄罗斯出租质量真好,2012-09-06 15:41:02,
https://movie.douban.com/subject/1308767/,D I D A,5.0,手提摄影，快速剪辑，身体力行，暗藏杀机。间谍动作片由此洗牌,2010-02-02 15:06:08,
https://movie.douban.com/subject/1308767/,阿底,4.0,伯恩在水下亲吻玛丽的那段，真是又美丽，又悲伤，唉。,2008-03-17 08:49:20,
https://movie.douban.com/subject/1308767/,Jehovah,4.0,"我发觉叫JB的都很厉害，是不是？James Bond, Jason Bourne",2009-06-18 21:09:42,
https://movie.douban.com/subject/1308767/,蚂蚁没问题,4.0,Matt Damon纯爷们，纯的,2010-02-16 11:08:58,
https://movie.douban.com/subject/1308767/,|,4.0,环游欧洲风情片..,2008-09-04 03:23:27,
https://movie.douban.com/subject/1308767/,冰红深蓝,5.0,《谍影重重》1~3是我看过的最棒的动作惊悚片了！这三部比碟中谍、007什么的更刺激、更真实。没有美女帮忙和高科技道具，全靠观察力、DIY和身手~ 导演和编剧功力不浅，马特·达蒙把动作戏和感情戏都演得宁静自然。毫无多余的煽情或莫名其妙的拖延，代入感极佳。（9.5/10）,2014-02-23 14:03:45,
https://movie.douban.com/subject/1308767/,毛毛毛读作cuì,5.0,拍摄手法牛哄哄的！无论镜头、配乐、节奏都无敌的!!!!!,2010-06-19 01:27:14,
https://movie.douban.com/subject/1308767/,流连,,不要以为你男朋友厉害你就不会死,2010-07-18 11:12:32,
https://movie.douban.com/subject/1308767/,西楼尘,4.0,仇恨不知缘起，总有因果业障，于是只好道一声抱歉，原谅我前尘的孽债。节奏惊心动魄，剪辑狠绝凛厉，欲加之罪的亡命特工正面反击，辗转果阿那不勒斯柏林伦敦莫斯科，连环复仇与自证清白，却难以全身而退。两张相片，分别是刻骨铭心的爱和悔。也许非要失去后才会懂，虚惊一场，乃是生活中最美好的词汇。,2016-08-24 22:30:14,
https://movie.douban.com/subject/1308767/,Q。,4.0,情节步步紧逼，咄咄逼人，丝毫不敢走神。飙车戏份也让观众看的紧张刺激，目不暇接。作为承上启下比较尴尬的第二部，虽然更换了导演，但仍然很好的保留了前作的风格，还加入了一些新的东西。★★★★,2011-05-11 03:12:47,
https://movie.douban.com/subject/1308767/,朝暮雪,4.0,每一位特工都无法拥有爱情。,2012-08-18 14:05:15,
https://movie.douban.com/subject/1308767/,花落  思量错,4.0,伯恩可能注定是孤单寂寞冷的，虽然没有华丽的服饰，超酷的装备，美女勾引，但是飙车，搏斗，杀害，也都很精彩。,2017-03-23 09:11:03,
https://movie.douban.com/subject/1419936/,Kaito,5.0,"世界上每十二个人就有一个在做俯卧撑,我们的任务是让剩下的十一个人也做俯卧撑.",2008-08-13 00:03:34,
https://movie.douban.com/subject/1419936/,UrthónaD'Mors,4.0,从影帝蜕变到烂片王也是需要一定的气度，就如同影片最后他被家人抛弃被抓到监狱却十分镇定一样。这片子政治隐喻很多。,2011-03-18 22:45:53,
https://movie.douban.com/subject/1419936/,汽水|不core不得嗨,5.0,"我爱这部电影～它太人文精神了…………
特别是中间能把飞机在一夜拆掉，哎天，太摆了实在是……",2008-02-28 13:22:41,
https://movie.douban.com/subject/1419936/,想 想,5.0,做你擅长做的事，而不仅仅是活着。,2010-11-22 22:12:55,
https://movie.douban.com/subject/1419936/,肖以默,4.0,和政府比起来军火商确实不算什么,2007-08-15 20:08:09,
https://movie.douban.com/subject/1419936/,巴喆,4.0,做这生意别带文艺青年好吗？！,2013-05-26 20:22:25,
https://movie.douban.com/subject/1419936/,艾小柯,4.0,喜欢Nicholas Cage片中的表演，影片立意很高，最后的对现实的讽刺稍有些直白。,2006-06-16 01:37:36,
https://movie.douban.com/subject/1419936/,米粒,4.0,到最后才说出军火贩子横行霸道的主因，不是因为自己怎么真的有钱，也不是因为自己认识黑道大佬有人罩，甚至都不是因为自己亲叔是前苏联的将军正好有好多兵器可以卖；而是这些超级大国一边要用武器散布杀戮以强占其他小国，一边又要假装自己和平爱好者的光鲜形象，所以只能派出主角这种人来出面做生意了。片头“一颗子弹的一生”很酷啊，影片的技术环节都很好且不觉得用得过多。整体是戏谑讽刺的风格，可能可以适当严肃点（比如可以把主题早点说清楚）。伊桑霍克真滴太帅了。,2019-01-02 00:23:53,
https://movie.douban.com/subject/1419936/,朝暮雪,4.0,昔日战争之王，如今烂片之王。,2012-08-18 01:54:28,
https://movie.douban.com/subject/1419936/,海心,5.0,如果有六星，我会打的,2008-08-11 09:53:04,
https://movie.douban.com/subject/1419936/,magggot,5.0,他弟死得毫不合理,2011-10-30 13:58:05,
https://movie.douban.com/subject/1419936/,银色7.62,5.0,拍摄时使用了超过3000把AK47真枪，这样做的原因之一是道具枪比真枪还贵。,2014-12-29 23:01:55,
https://movie.douban.com/subject/1419936/,enthusiast,5.0,好想也有一把纯金的AK47收藏...,2006-04-21 03:08:38,
https://movie.douban.com/subject/1419936/,崇子,5.0,记得住的几部片子之一~很羡慕主角~并不觉得他失去了什么~,2007-12-19 15:30:41,
https://movie.douban.com/subject/1419936/,品味糟糕,5.0,灰色行业翘楚的半传记性质影片，与性书大亨、烟草之王相似，具备了成功的人物塑造与微妙的道德讨论。（小记：弟弟维的自毁心理与纯真的素食者如出一辙，身为生产消费中堕落且重要的一环，痛改前非，蚍蜉撼树，但请不要忽视渺小个体的反抗，因为那是一种非常难得的道德自觉。）,2012-02-29 22:12:35,
https://movie.douban.com/subject/26374197/,Oliie~,4.0,"谁能想到索尼居然在2018年的最后一个月用一部超级英雄动画挑战了迪士尼在动画奖项上的霸权？
虽然主题上还是老调重弹，但动画在内容和形式上的选择远比真人影片自由。漫画式的视觉呈现，极具个性的色彩搭配，诞生了最贴近漫画原作的蜘蛛侠作品。六个蜘蛛侠各具特色（其实不止六个），但颓废版的Peter Parker无疑是我的最爱：一个步入中年，陷入人生低谷，却依然有着自我牺牲精神的英雄。哪怕嘴里说着不要让我听到“能力越大，责任越大”，却还是身体力行地实践着这句话，蜘蛛侠精神的最完美体现。
最佳蜘蛛侠电影！最佳斯坦李彩蛋！最佳片尾彩蛋！",2018-12-02 17:20:57,
https://movie.douban.com/subject/26374197/,桃桃林林,4.0,今年最好看的动画长片了。视觉实在太突出，冲这个就可以二刷了。还有很强的漫画感，各种字幕、对话框、随心所欲的画风与丰富的视觉元素。同时，剧情也不落后，精彩又有趣，何况还有六个蜘蛛侠大聚会。能把一个老套的超级英雄成长话题，讲得这么吸引人，甚至还有泪点。片尾字幕致敬了斯坦李，以及，千万不要错过最后的彩蛋哦，非常好笑哦。,2018-12-06 19:20:27,
https://movie.douban.com/subject/26374197/,朝暮雪,4.0,"1.电影讲述男孩迈尔斯被受到辐射的杨永信咬了，变成磁爆步兵、雷电法王，获得“电击疗法”的技能，从而打败敌人的故事。
2.白人、黑人、男人、女人、大人、小孩，甚至猪都当了蜘蛛侠。
3.从《独立日2》到《毒液》再到《蜘蛛侠：平行宇宙》，QQ的业务已经拓展到了外国、月球，以及其它宇宙，腾讯已经称霸银河系，成为宇宙第一企业。
4.电影很戳泪点。
号称“最丝”的超级英雄都穿上了OW联名AJ1，我看着自己的阿迪王默默哭出了声。
5.一年死两次彼得帕克，每次都有新感觉。",2018-12-16 17:14:38,
https://movie.douban.com/subject/26374197/,木卫二,3.0,“做你自己”的老生长谈，以及又一套颜色正确的、绝对安全低龄、纯娱乐向的宇宙拓宽类型，尤其是穿插而来的其他“被咬”宇宙，真的是画风乱飞，最后全幕乱扭。,2018-12-14 21:23:10,
https://movie.douban.com/subject/26374197/,亵渎电影,4.0,看了场IMAX，非常爽，比真人版的超级英雄电影更爽，特效场面非常酷炫，而且还干净，画风就像漫画分镜直接动起来，有很多想象力和表现力爆棚的镜头，是真人电影无法达到的，这就是动画的优点，就算它画一些真人做不到的东西，你也会相信，还会觉得酷，因为它是动画有别于真人电影的魅力所在。虽然有7个蜘蛛侠，但还是噱头式的彩蛋人设，7个蜘蛛侠更是共用一个演过无数遍的老掉牙的故事，虽然无聊了点，好在视觉效果真的非常酷炫，看到这部的完成度，以后都不想看那些所谓的国产良心动画了，想追上人家这水平这业务能力，真不知道是什么猴年马月了。,2018-12-20 16:20:15,
https://movie.douban.com/subject/26374197/,江湖遠人,4.0,千万不要当蜘蛛侠的Uncle，会没命的。,2018-12-22 00:48:38,
https://movie.douban.com/subject/26374197/,陀螺凡达可,4.0,今年最好看的商业动画片，美漫改编电影的最完美形态。,2018-12-16 16:54:09,
https://movie.douban.com/subject/26374197/,同志亦凡人中文站,4.0,看过的蜘蛛侠系列最佳，漫威这是要冲击奥斯卡最佳动画的节奏啊！六个宇宙的蜘蛛侠（女）集合大作战，有成长有恶搞有热血，时不时还打破次元壁一下。Stan Lee老爷子特出的彩蛋好感人~~~~~~~~~“每个超级英雄都不孤单！”,2018-12-15 15:59:34,
https://movie.douban.com/subject/26374197/,影志,5.0,每一分钟都是惊喜！爸爸我爱你、零鸭蛋、卖蜘蛛服的收银员斯坦·李、“让他良心不安！”、穿斗篷的蜘蛛侠、有肚腩的中年发福版蜘蛛侠、蜘猪侠…哈哈，先笑一会儿…“知道自己不是一个人的感觉真是太棒了” 整个观影心情就是：新奇-大笑-感动，此起彼伏接连不断。“最让我们难受的是，你不能每次都救得了人” 机甲蜘蛛侠装备损坏时的那个“爱你”，是堪比《月球》Gerty机器人出现落泪表情的感动瞬间。爸爸的那句 “有时候人和人的关系会变得疏远，但我不希望这发生在我和你身上” 简直让人暴毙。这部电影就连剪辑、配乐等技术都是动画里的一流，2018年度动画最佳！,2018-12-15 16:52:58,
https://movie.douban.com/subject/26374197/,舌在足矣,5.0,自山姆·雷米「蜘蛛侠2」以来最佳蜘蛛侠电影！无论是漫画式的画风，还是迷幻的色彩，动画的形式彻底释放了多元宇宙的潜力，第三幕的异次元大战更是好莱坞动画近年来最具想象力的一幕。文本方面，既有蜘蛛侠一贯的成长的烦恼，还通过平行宇宙引入了超级英雄的中年危机，更不用说对蜘蛛侠系列各种老梗的致敬与恶搞，以及可能是最好的斯坦李客串。最讽刺的是，这片里出现的每一个蜘蛛侠都比现在MCU里荷兰弟的版本有趣,2018-12-10 10:27:02,
https://movie.douban.com/subject/26374197/,桑下,5.0,我这是什么命！一年看两部带Peter Parker的电影，一年为他哭两次！这是海澜蜘蛛吗？！！！！,2018-12-19 05:33:11,
https://movie.douban.com/subject/26374197/,大聪,5.0,"斯坦李说：蜘蛛服会合身的，总有一天它会合身的。听完这话有些惆怅。影片用斯坦李这句话贯穿影片，新塑造的颓废蜘蛛侠，面具下是我们平凡人的日常烦恼，超级英雄也是人。为何要做动画片了，因为那惊奇的镜头运镜，丰富的想象力，炫彩的颜色，是真实拍摄无法比拟的。
最后字幕有彩蛋，别走开，正式开启多宇宙蜘蛛侠。",2018-12-07 00:17:58,
https://movie.douban.com/subject/26374197/,西楼尘,3.0,不熟悉的超能力总归会熟悉，不合身的蜘蛛服以后会合身，每个人不都是这样跌跌撞撞长成了大人。练习着弹跳节奏，把控着吐丝能力，仿佛被毒蛛咬过的身体某天开始发育，这个世界宣告你要承担更大的责任了。所以长了肚腩的彼得·帕克，最不想听这句话，只想在穿梭来的平行时空里，对心爱的女孩说一声抱歉。,2018-12-16 18:12:28,
https://movie.douban.com/subject/26374197/,APTX-4869,5.0,"我TM吹爆！这是一部看完想让人出去荡秋千的片！华纳应该来看看多个不为人所知的超级英雄的电影怎么拍！有成长有救赎有令人想哭的死亡也有令人捧腹大笑的场景（还不是妇联那种强行联动）还解决了一直以来的cp站队问题！高中组配Gwen成人组配MJ！画面太美了（这是我见过的最会玩的片头logo）（回头等bd到了截图自己打印海报去） 配乐又长又棒还经典以及各种应景（所以ost也是躲不掉的了） 最后 给那些看不起动画片的人一句""Do you have a problem with comic?""",2018-12-08 23:41:50,
https://movie.douban.com/subject/26374197/,谢谢你们的鱼,5.0,太特么好看了，年度最佳动画，最佳超级英雄电影，最佳镜头设计，最佳视觉效果，最佳配乐，最佳场面设计，没想到索尼哥伦比亚居然掀起了一场全新的动画革命！,2018-12-16 16:54:40,
https://movie.douban.com/subject/1291936/,粟熙,5.0,剧情是晦涩的，场景描绘是牛B的，音乐是难以忘怀的，意义是划时代的。,2009-03-18 19:48:18,
https://movie.douban.com/subject/1291936/,同志亦凡人中文站,5.0,革命性动画，看到了后来“黑客帝国”、“盗梦空间”等片的雏形。关于生命体的进化和繁衍、人类意识的植入和剥离，充满后现代的哲学思考。震撼！,2016-09-16 08:57:54,
https://movie.douban.com/subject/1291936/,荞麦,5.0,1995年的作品，确实是神作。但印象最深的是配乐，尤其是一段毫无意义的破败街景配合着音乐和雨……在科幻中运用非常传统的日式配乐和声音真的太棒了。,2016-03-05 23:57:00,
https://movie.douban.com/subject/1291936/,芦哲峰,3.0,上承银翼杀手，下启黑客帝国。,2011-07-27 10:16:00,
https://movie.douban.com/subject/1291936/,一一,4.0,7.5/7.9 我想押井守做为一个日本人他与西方人截然不同的是他意识到操纵这个未来世界的不是华丽的想象，不可思议的科技或者是花哨的打斗，而是人本身理智与感性的不断矛盾冲突，这个冲突在物质化世界所激发的人的情感上的忧伤与绝望将缠绕人的灵魂久久不能散去，无论他们的肉体是如何铁一般强硬。,2009-06-17 04:06:06,
https://movie.douban.com/subject/1291936/,桃桃林林,5.0,我来晚了,2007-09-02 11:33:09,
https://movie.douban.com/subject/1291936/,伊谢尔伦的风,5.0,巴特第一次被甩。,2011-04-13 13:47:53,
https://movie.douban.com/subject/1291936/,木卫二,5.0,你中有我、我中有你的存在困惑，造福人工智能题材的经典电影母题，新与旧融合的香港城市灵魂，深水静流的川井宪次配乐……中间起《傀儡谣》的疏影摇曳雨中城市，制造出了凝视深渊的人类命运忧伤。,2007-05-26 20:26:20,
https://movie.douban.com/subject/1291936/,匡轶歌,4.0,《攻壳机动队》从《神经漫游者》《银翼杀手》扒梗，《黑客帝国》又从《攻壳》扒梗…，徒子徒孙一片繁荣之际，作为 cyber punk 开山老祖宗的《神经漫游者》却直至现在都没有被拍成电影…然后还有一帮无知的瓜娃子读过小说后埋怨它“太过时”。啊呸！它不是“过时”，是【太超前】，是开创和预见了一个时代，好吗？,2015-06-29 19:47:13,
https://movie.douban.com/subject/1291936/,米粒,5.0,屌，从头至尾都让人惊叹啊，虽然说像银翼杀手可的确又是另一种感觉，日本人的哲学吧。配乐真是太赞了，有洗脑的作用！用桃姐的话来说就是“我来晚了”。。。,2012-08-26 03:52:58,
https://movie.douban.com/subject/1291936/,战国客,4.0,这还是动画片吗？,2009-04-04 16:33:21,
https://movie.douban.com/subject/1291936/,女儿吃鸡腿联会,4.0,想完全看懂还真有点难度,2011-04-25 12:41:58,
https://movie.douban.com/subject/1291936/,巴喆,5.0,基督、卢梭、黑格尔、叔本华、尼采，都是西哲概念的具象化啊！8.8,2014-05-13 23:45:18,
https://movie.douban.com/subject/1291936/,冰红深蓝,5.0,"1.极具哲思的赛博朋克动画,灵肉关系,人工智能,生命本质,身份与记忆。2.氛围营造绝佳,尤以自然博物馆决战为最,沉郁配乐,完美烘托出迷茫与忧伤,进化树。3.老旧香港城区与高科技的反差,颓败雨中都市令人想及[银翼杀手]。4.热光学迷彩和义体人设定很赞。5.你我犹如隔镜视物,所见无非虚幻迷蒙。（9.5/10） | 大银幕重温4K修复版，惊觉那两段城市空镜蒙太奇予人的震颤甚至超过了AI自我意识的苏醒及灵魂交融后（“信息海洋中”）新生命的诞生。城市后景竟而逼真如照片，参差破落的城寨vs.平滑高大的楼宇，掠过城寨的飞机，无尽的汉字招牌，霓虹映照的冷雨，孤独、暧昧又迷离。潜入水底一如重回母腹，黑暗孤独后上浮重生~ 无论如何，原生的个体自我总是难以捉摸、不断变化又受困有限的，成为“后人类”是光明未来吗？",2016-03-31 17:36:23,
https://movie.douban.com/subject/1291936/,UrthónaD'Mors,4.0,看看头就知道要给怎样的评分了，其中某些场景很银翼杀手的感觉。色调是偏冷的，人物或者说傀儡复制人是没有生命而空洞的但看到最后被撕裂被爆头还是有一种心痛感。,2011-05-13 15:19:35,
https://movie.douban.com/subject/1428175/,布宜諾斯,4.0,但愿看过这片子的人以后都不再向往钻石,2008-09-20 13:29:59,
https://movie.douban.com/subject/1428175/,单线程青年,5.0,抵制血钻~~~BS为了小破石头的虚荣而不惜以采钻者血的代价来实现的女人们~~~要是我吗，冰糖也能当钻戒,2007-04-05 08:12:52,
https://movie.douban.com/subject/1428175/,海心,5.0,每个国家都曾经是非洲,2008-01-20 17:11:12,
https://movie.douban.com/subject/1428175/,大头绿豆,4.0,又是一个Leonardo适合的角色，彪悍的小混混。“几内亚，100万人的非洲第二大难民营，但在电视上，最多只能播1分钟新闻，在体育和气象之间。”,2008-03-03 09:00:27,
https://movie.douban.com/subject/1428175/,🐖,5.0,如果早拍10年并换个更有质感的女主，比如年轻时的梅里尔斯特里普，这部片应该能成为另一个走出非洲。除了探讨血钻主题，事实上影片也探讨了很多其他的宏大命题如战争、儿童兵、不绝对的正义与邪恶、生命的意义等。且并不显得突兀，很好的融合在剧情里。剧本有张力，Leo表演很赞。后半程配乐不错。,2011-03-03 23:22:16,
https://movie.douban.com/subject/1428175/,冰红深蓝,5.0,影片并非毫无瑕疵，也确实不够深刻，但在同类题材中已是翘楚。非洲的种种深重苦难、内战和血钻的残酷来历都令人震撼，片中还借女记者之口自讽我们都在消费别人的痛苦，一语中的。剪辑和摄影都可圈可点，小李子演技好到让我第一次真正喜欢上他了。故事本身十分沉重悲怆，詹妮弗康纳利太养眼。（8.8/10）,2015-07-19 01:18:46,
https://movie.douban.com/subject/1428175/,罗弘霉素,5.0,小李一直在努力，非常非常努力，虽然冲奥之路很坎坷，但是这些历练一定不会白费。期待你的《胡佛》《了不起的盖茨比》,2012-01-09 12:18:52,
https://movie.douban.com/subject/1428175/,白一刀,4.0,“几内亚，100万人的非洲第二大难民营，但在电视上，最多只能播1分钟新闻，在体育和气象之间。”,2010-06-30 16:26:11,
https://movie.douban.com/subject/1428175/,dormant,3.0,套着uncle sam一贯的假惺惺救世主外衣，其实就是纯popcorn片，看着挺娱乐的。,2006-12-25 21:39:27,
https://movie.douban.com/subject/1428175/,范小奚,4.0,这部片子让我记住了leo的演技。,2008-07-18 13:21:12,
https://movie.douban.com/subject/1428175/,六月安生,5.0,没有买卖就没有杀戮，这样的非洲是我不曾了解的！,2012-01-15 21:52:51,
https://movie.douban.com/subject/1428175/,司令,5.0,在去南非的飞机上看的。本来觉得就不买钻石了，最后居然还是忍不住买了一颗。,2014-03-03 20:31:42,
https://movie.douban.com/subject/1428175/,17950,4.0,好题材，好风景，好音乐，好演员，普通片……,2007-01-22 12:51:18,
https://movie.douban.com/subject/1428175/,幸福的奶黄包,3.0,对于这样的现实题材电影，真的是不好评价。明明是略显文艺的剧情片，却拍的和爆米花电影一样，就像机器加工出来的，煽情部分和动作场面被安排得严丝合缝，刚煽完情就打架，打架打累了再煽情。但是电影想要表达的东西是值得关注的，钻石行业的内幕以及非洲社会的军事安全，让人触目惊心。,2014-12-11 01:52:00,
https://movie.douban.com/subject/1428175/,ﾐﾉﾑｼ,5.0,电影里有一句貌似“一个年轻人花三个月的薪水为爱人买钻戒，可谁知道背后间接的为苦难带来更多利益”其实钻石常常都不代表幸福。,2010-01-29 15:04:03,
https://movie.douban.com/subject/25977027/,林西拿,5.0,「我只是個喜歡骯髒故事的老頭子罷了。」 這句話是朴贊郁的自白吧！,2016-07-28 03:16:50,
https://movie.douban.com/subject/25977027/,影评终结者,5.0,性、做爱、器官、暴力、粗口、药物、剁手指、章鱼女优、蛇与男性生殖器的象征现以及特写展现器具缅铃用法、大尺度裸体和露骨情色台词也并没有让影片显得廉价或艳俗，而影片的镜头画面布局灯光服装美术摄影构图声效几乎做到极致，尤其整部电影用音乐带出的氛围，只能用一个词来形容，那就是“魔性”。,2016-05-31 23:51:39,
https://movie.douban.com/subject/25977027/,小野蛋子,5.0,能和秀子小姐睡一晚，下半辈子愿意被关进疯人院,2016-07-04 01:00:28,
https://movie.douban.com/subject/25977027/,劳勃狄尼洛,4.0,最喜欢的一个镜头是：两个人趁着夜色，提着行李，以相同的频率打开一扇又一扇的门，然后跑过巨大的樱花树，去呼吸自由的空气去拥抱广阔的天地。,2016-07-28 23:43:48,
https://movie.douban.com/subject/25977027/,六等星星,5.0,只有女孩子在知道她以前过那么不堪的生活，第一反应是帮她报复吧！,2021-04-18 19:05:13,
https://movie.douban.com/subject/25977027/,💛,4.0,我懂为什么金敏喜能睡到赵寅成了。嗯,2016-05-18 23:01:51,
https://movie.douban.com/subject/25977027/,瓦是关羽练习生,5.0,很多人都说不如原著指匠情挑，但我感觉《小姐》这版更加完美，那是一种长期在东亚儒家环境浸淫下才会感悟到的——独一无二的阴暗情感。,2022-03-07 17:39:06,
https://movie.douban.com/subject/25977027/,Touma,4.0,我觉得我可能是les。。。,2016-07-30 15:30:09,
https://movie.douban.com/subject/25977027/,匡轶歌,4.0,好看吗？好看。蕾丝性爱以超前尺度登上大银幕。但女权吗？并不。朴赞郁不过沿袭一贯对情欲、暴力、阴谋的探索套路。就像<斯托克>里的蜘蛛意象，<小姐>则搬弄了所有东方的欲望符号：北斋的章鱼、浮世绘春画、金瓶梅…但动机并非对女性欲望的支持，而是A片一样情色奇观的消费，取悦的依然是男性凝视。,2016-07-29 13:54:29,
https://movie.douban.com/subject/25977027/,同志亦凡人中文站,4.0,如果说“道熙啊”是韩国女同文艺片的代表作，“小姐”就是韩国女同商业片的第一座高峰。千回百转的阴谋阳谋，诡丽精致的朴赞郁美学，以及难得的HE结局。也许戛纳不会待见它的娱乐性，但同志电影恰恰需要这样的进化和剑走偏锋！,2016-07-15 20:02:42,
https://movie.douban.com/subject/25977027/,出云,5.0,一开始我觉得小姐太单纯了，后来觉得淑姬太单纯，最后：卧槽！原来是骗子和我太单纯！,2022-01-23 11:32:25,
https://movie.douban.com/subject/25977027/,My Cure,5.0,金泰璃好可爱啊啊啊...,2016-05-14 13:13:22,
https://movie.douban.com/subject/25977027/,拔剑四顾心茫然,5.0,被章鱼的触手勒住脖子，让精致的铃铛滑进下体，被纯洁的诱惑磨平牙齿，让坚贞的触摸染红床单。蛇是无知的边界，月是漆黑的倒影，痛是真实的装饰，美是残忍的法则。狂热的绅士不断投射出贪婪的目光，优雅的小姐反复诵读无情的欲望。秀色可餐，再狠心的盗贼也不忍看爱人毁灭，珠玉在前，再高明的骗子也无法为爱情圆谎。告别语言中的枷锁，撕碎书本中的邪恶，品尝纽扣中的甜美。所谓来自下女的诱惑，不是情欲，不是肉体，而是一种自由，一份拯救。从今往后，你就是我的救世主，我就是你的全宇宙。朴赞郁重回巅峰！不管是奔放直接的响铃之欢，还是似有若无的文字交蚺，情欲的呈现十分高级，色而不淫，美而不艳，玄而不妖，我丝毫感觉不到欲望，只觉得难以言说的美。金敏喜身上有种雅致的淫荡，她的炽热让所有的男人心驰神往，她的冰冷让所有的女人望尘莫及。,2019-09-01 03:11:45,
https://movie.douban.com/subject/25977027/,宋小君,5.0,迷醉，情色，女权，暴力，古典油画之美，春宫，金瓶梅，朗读者。想着如果我们自己把《金瓶梅》正正经经地拍出来，该有多好。结尾大海上缅铃响动，心向往之。,2016-07-31 15:13:48,
https://movie.douban.com/subject/25977027/,西楼尘,4.0,水银烟抽了一口，他是浪子也风流，机关算尽只为攀上枝头；鸦片酒抿了一口，她是小姐也忧愁，庭院深深只愿冲破牢笼；黑莓糖含了一口，她是仆人也娇羞，交颈缠绵只可握住你手。三部分把细节拼凑，宅院精致典雅的朗读盛宴，牵连出几个笼中人的命运交合。吊死人的不是白绳是绝望，溺死人的不是缅铃是欲求。,2016-11-22 15:33:51,
https://movie.douban.com/subject/26615208/,潋 | Béatrice,5.0,absolutely fantastic！不哭闹、不控诉、不暴力、不煽动，用出类拔萃的才华让质疑者闭嘴，用真诚、努力和时时刻刻对自己权利的争取来赢得机遇和认可，机会和人生都是自己创造出来的。作为同样每天都面临种族和性别歧视的人，被这部电影的无数细节狠戳泪点。最后，向三位女性先驱致敬。,2017-01-01 15:04:34,
https://movie.douban.com/subject/26615208/,鲁闽,5.0,这部电影当然是讲黑人平权，但其实也讲了一句更加朴素的真理：机会是给有准备的人，肤色让这些黑人女性本能地更具有危机意识。,2017-02-06 22:57:17,
https://movie.douban.com/subject/26615208/,朝暮雪,4.0,谢耳朵做梦也没想到，他也有智商被碾压的一天。,2017-01-23 03:57:15,
https://movie.douban.com/subject/26615208/,私享史,5.0,作为一个黑人女科学家的三座大山：第一座是肤色、第二座是性别、第三座是肤色加性别。,2017-01-28 09:48:39,
https://movie.douban.com/subject/26615208/,Blueberry Pie,3.0,看完全剧最难忘的一镜是，Catherine冒雨跑半mile去另一角的color bathroom，回来后被上司责骂去了哪里，在办公室中那一爆发。全剧仅此一次，其他时间所有人，不辩解，不争吵，努力工作，让自己变的有价值被看见，赢得名副其实的尊重,2017-01-13 15:58:52,
https://movie.douban.com/subject/26615208/,影志,3.0,各种工整、正确的黑人女性传记片，同题材不如《模仿游戏》在情感和冲突方面刻画的动人。,2017-02-04 00:00:00,
https://movie.douban.com/subject/26615208/,粽人府,5.0,鼓舞人的是，影片没有歇斯底里控诉黑人如何受到不公待遇，不悲情，不煽情，不滥情，而是用实际行动去证明自己能力和价值，这才是对待生活压迫应该有的态度。向她们致敬。,2017-02-02 00:26:35,
https://movie.douban.com/subject/26615208/,Ann,5.0,"Amazing work by those heroes behind the scene!我们今天所享受的一切平等与不那么平等，都是由无数女性、少数裔前辈斗争得来的。其中受教育的机会是我最感恩的, never take anything for granted.",2017-01-16 07:57:16,
https://movie.douban.com/subject/26615208/,西楼尘,3.0,从东区太空部到西区计算组有两公里路，凯瑟琳踩着高跟在办公室和洗手间来回往返需要40分钟。这也是一条充满风雨与屈辱的平权道路，黑人为此整整走了将近20载。同样也是这样一段路，帮助美国绕行地球三周并实现登月。桃乐丝劝阻孩子别靠近平权人群，却因权利不公被赶出图书馆。平权面前，没人应该隐藏。,2017-03-27 00:01:37,
https://movie.douban.com/subject/26615208/,同志亦凡人中文站,4.0,爱国主义＋肤色平权＋女性革命，这个时候比任何时候都需要政治正确，因为只有在失去它后我们才发现它的不可或缺。曾经黑人需要坐在隔离区，曾经女性不能进会议室，有偏见就会有第一个打破偏见的人，历史不会永远hidden。,2017-01-22 18:58:01,
https://movie.douban.com/subject/26615208/,JoshuaLi,3.0,叙事主线与爱情、种族、历史等几条支线在依赖种族张力的格式化剧作中被有条不紊地推进，但它偶尔也会有灵光闪现的时刻，例如象征着信任的跨种族传递、邓斯特与斯宾瑟间的种族角力，影片主要问题出在很多重要时刻的表演节奏上，导演在这些时刻前后没有留出足够的时间为叙事本身积累张力。,2016-12-26 10:28:08,
https://movie.douban.com/subject/26615208/,铎奇,4.0,"NASA还是好。眼泪盈眶好几次，明知道是电影刻意为之，还是买账。身为学界女性，类似事件多多少少都遇到过，知道有多不容易。""I know you probably believe that.""",2017-01-18 09:08:07,
https://movie.douban.com/subject/26615208/,戴皮卡丘帽的熊,5.0,主线剧情紧凑，三个女主各有各的故事。每个人都在用不同的方式为着同一个目标抗争着。叙述十分平铺直叙，对于当年的不平等不加重描写也不一带而过，反而更加有力。副线情节有点连不上，Jim Parson真的努力在不演Sheldon了但是这个角色实在太像，辛苦了。配乐大赞。,2017-01-07 12:30:36,
https://movie.douban.com/subject/26615208/,一念,5.0,看完有种立刻投入工作当中去的冲动,2021-02-12 21:22:46,
https://movie.douban.com/subject/26615208/,柯里昂,4.0,必须说，对本片的喜爱胜过隔壁的月光男孩，即使抛开肤色和性别，本片的题材和故事仍旧能够引人入胜，任何丰功伟业的背后都少不了“Hidden Figures”，三位女性在“种族歧视”和“性别歧视”的种种压力下所表现出的坚韧和勇敢无法不令人动容，相比之下，肯尼迪和马丁·路德·金的演讲似乎也只能沦为陪衬,2017-01-18 15:26:41,
https://movie.douban.com/subject/27113517/,西楼尘,4.0,棠宁上了逃难的货船，注定靠不了岸。吸了权欲的烟，休想借药片安眠；棠真上了求爱的列车，注定到不了站。捡了绝情的果，别想靠红绳还愿；月影上了独返的飞机，注定落不了地，断了观音的手，甭想凭佛咒往生。三具假面，是权欲的人头、绝情的鱼头、观音的水头。长命百岁万年富贵，是我送你最恶毒的祝愿。,2018-04-05 15:10:18,
https://movie.douban.com/subject/27113517/,喵尔摩丝,5.0,棠府群娥，个个明是一盆火，暗是一把刀。深宅大院，夜半三更，最宜粉墨登场。你只道这群贼婆娘干着双手染血的勾当，咒诅她们永堕无间地狱，却不曾想如果活得不这样机关算尽，那人吃人的弹丸之地，怕是也不容她们立足。迎来送往，不过本能，血雨腥风，哪来往生极乐。此间便是地狱，人不像人，鬼不像鬼。,2018-04-04 23:11:15,
https://movie.douban.com/subject/27113517/,基闹,4.0,全员恶女的戏，哪有不好看的。,2018-04-04 23:03:05,
https://movie.douban.com/subject/27113517/,齊克斯尼力佐飛,4.0,年纪轻的渴望爱情，长大了的向往自由，年长的沉迷权力。都是作茧自缚的典型。,2018-04-13 08:23:31,
https://movie.douban.com/subject/27113517/,奈奈生,5.0,棠宁，三代人里最有“人味儿”的，放纵的情欲，看戏的落寞，孤注一掷的逃亡，拍得既美又惨烈。,2020-10-17 22:38:21,
https://movie.douban.com/subject/27113517/,风间隼,5.0,这就是一女版《教父》啊。开头的盛宴，心黑手狠的港婆将军夫人，背后是缅甸残军，身旁是新晋党魁，足够脑补出一部百年中国近代史来了。惠英红、吴可熙的母女表演精彩，从透露私情的睚眦到最后撕毁遗嘱让外祖母受活罪，小女孩一路黑化，可惜表演一般。镜头很有味道。盲眼说书艺人讲冥府报应很赞。,2018-05-05 22:22:04,
https://movie.douban.com/subject/27113517/,朝暮雪,4.0,《嘉年华》和《血观音》应该连着看：如果你看到别人被强奸，明明掌握证据却不发声，那么下一个受害者就是你。,2018-04-04 19:08:43,
https://movie.douban.com/subject/27113517/,fantasy   *,5.0,棠宁是三个女人中最单纯的那个，看似情欲放纵的她，只是自己母亲的一颗棋子，她多么希望母亲可以放她一马，于是他只能每天在烟酒与情欲中麻痹自己，最后孤注一掷的摆脱修罗场，“妈妈爱你”成为了最后的遗言，真是又浪漫又悲情。,2022-04-24 00:15:47,
https://movie.douban.com/subject/27113517/,蚂蚁没问题,5.0,我没觉得野心大执行不够，没觉得用力过猛，是恰如其分烂熟的苹果，三代女人的故事，无不精彩，对白与镜头透露出的内涵也很棒，亲情笑里藏刀，爱情全都幻灭，三刀六洞，鲜血淋漓，痛快痛快,2018-04-04 21:38:45,
https://movie.douban.com/subject/27113517/,影评人 杉姐,5.0,想给满分的电影，很震撼虽然黑到不能理解，但生活中确实有这般把儿女当做名牌包一样的父母，对白全部都是茶余饭后的闲谈，却句句道出政治的黑暗和人性的丑恶，没有一句废话，连唱歌都是以词表意。电影很美，形式感极强，很多地方前后有互文，镜像表达、落地的苹果、糖果、子弹壳等等。一部很精美的作品,2018-04-09 15:53:59,
https://movie.douban.com/subject/27113517/,Mr. Infamous,5.0,仿佛鬼片。那些女人披着精致画皮，内里尽是鬼胎坏肠。名利情貌都要，那就用最狠的心，把谎言、色相、笑颜、无辜编织成无坚不摧的心术。配合那音乐与景别，真如恶鬼夜行，环环相噬，需知哪怕是心经，也念出邪术的可怖，而那观音，一直洞观这血光之灾。红姐必然好戏，吴可熙很惊艳，傅子纯好帅。,2017-12-24 17:56:55,
https://movie.douban.com/subject/27113517/,靳十四,5.0,不止有杀人放火金腰带，还有长命百岁，万年富贵。,2022-04-01 17:00:19,
https://movie.douban.com/subject/27113517/,KitajimaJunko,4.0,完全诠释「公主命丫鬟身」。碧绿的翡翠和精致的丝绸底下一肚子坏血坏心肠；看似清正廉明的官僚政治底下暗藏勾心斗角的险恶腐败；又哪有什么海誓山盟的爱情。名门闺秀的复杂身世铺撒了一张血色巨网，浓郁色调的画像之下藏匿着帧帧剧毒。被电影美术和演员表演惊艳，故事与影像，摄影与音乐极为融合搭调。,2017-11-19 17:39:44,
https://movie.douban.com/subject/27113517/,黄青蕉,4.0,导演快去拍张爱玲啊！惠英红快去演女黑社会老大啊！,2018-04-05 22:29:27,
https://movie.douban.com/subject/27113517/,桃桃林林,3.0,野心很大，水平一般，荒诞感远不如预期。演员表演也比预想差,2017-11-21 21:32:23,
https://movie.douban.com/subject/1293964/,铎奇,4.0,真爱不是订婚之后隔天就跑去打仗再无音信，真爱是一起去车站揽活儿。Kitty才是真爱Myra。,2012-12-20 04:30:48,
https://movie.douban.com/subject/1293964/,时间的玫瑰,5.0,早期的剧，译名那叫一个经典，那个时候有匠人精神。,2009-12-06 17:02:43,
https://movie.douban.com/subject/1293964/,果酱☮,5.0,真正的经典电影绝非是口口相传，继而跟风装B，而是即便过了那么多个时代，如今看来依旧让人发自内心由衷地喜爱它称赞它。此片真的是经典，费雯丽的表演震慑人心令人难以忘怀。尤其是从她极为迷人的大眼睛流露出的眼神里包含着的各种情绪（而不是像如今很多女星那般眼大却无神），羞涩甜蜜幸福绝望绝决,2009-02-19 05:45:50,
https://movie.douban.com/subject/1293964/,Rivers,5.0,山盟海誓玉人憔悴 月缺花残终天长恨,2010-01-24 11:31:11,
https://movie.douban.com/subject/1293964/,朝暮雪,4.0,身体是你自己的，你不需要为自己失身而感到抱歉。,2017-04-19 10:23:49,
https://movie.douban.com/subject/1293964/,宋小君,5.0,那么多爱情，都在等待中蹉跎了。别让你爱的人等你太久。,2012-07-15 23:01:30,
https://movie.douban.com/subject/1293964/,冰红深蓝,4.0,片子本身中规中矩，费雯·丽演技要加分！全片明确回避了“prostitute/whore”词汇，爱情戏也拍得比较克制，滑铁卢桥自杀场景的剪辑很棒，主题曲《Auld Lang Syne》闻名遐迩，让人百听不厌~ 但个人极度不赞成电影宣扬的这种保守甚至扭曲的价值观，更喜欢女二号的性格和思想。（8.0/10）,2015-03-21 14:29:35,
https://movie.douban.com/subject/1293964/,Q。,4.0,“我爱你，我从未爱过别人。”经典的爱情故事就是无论发生在什么年代，无论是在什么样的文化差异下，都能够唤起大家共鸣的情愫。★★★★,2012-03-02 02:29:47,
https://movie.douban.com/subject/1293964/,战国客,5.0,经典！只是一切已经走不出《乱世佳人》的影子了~~,2009-06-06 11:14:43,
https://movie.douban.com/subject/1293964/,超级英雄发骚友,4.0,难以想象这部美国电影竟是近80年前拍摄出来，水准之高让人咋舌，观影过程非常投入，纯洁的爱情让人心生感慨，结局之悲哀让人无比痛心，估计当年在电影院赚了不知道多少美国人的眼泪。说回故事，故事脉迹非常简单易懂，一个纯真的女人因爱人之死心灰意冷，落魄到需要出卖自己的肉体，电影在处理这一段时非常含蓄克制，由始至终没有出现过多显眼台词去提醒观众女主角的卖肉事实，可是却让懂的人更为着急，重逢一幕让人感动，最终的悲剧却是那个时代的悲剧，即使没有任何人强迫女主和爱人分开，其实分离的悲剧早已注定，很难想象一个军官能够顺利迎娶一个美丽的妓女，风言风语自是必然，最关键的是女主自己也接受不了自己的背叛，内心的煎熬如何能够度日，难道真的唯有一死才能结束？在现代观众看来，其实爱情中产生的巨大挫折有何尝不是自己性格弱点所造成,2019-03-21 15:56:39,
https://movie.douban.com/subject/1293964/,甜椒Oli,4.0,我也不清楚这是什么感觉 总觉得中国的文化底蕴碰上美利坚怪怪的,2017-03-28 23:07:26,
https://movie.douban.com/subject/1293964/,花落  思量错,4.0,费雯·丽灵动的大眼睛流露出来的欢喜，雀跃，遗憾，伤心，悲悯，痛苦，始终记忆犹新。,2017-03-22 09:11:46,
https://movie.douban.com/subject/1293964/,Morning,4.0,三星半。费雯丽最后的眼神好厉害，怎么也是影后级别的。这个电影扎实，没有过多的喧嚣之笔，虽然对于今天过于简单，但于今天也是“追忆往事”，也算是特别存在的意义了。,2017-01-02 04:00:59,
https://movie.douban.com/subject/1293964/,[己注销],4.0,"（８／１０）罗伊和岳母都接受了马拉，只有她从未原谅过自己……
（女二是个精彩的存在。）",2019-08-16 17:45:20,
https://movie.douban.com/subject/1293964/,宇宙,5.0,小时候跟妈妈在电影院看的 还记得妈妈哭得不成样子 爱情 尤其是残破的爱情 是可以穿越时空 打动任何人的,2008-04-28 15:01:46,
https://movie.douban.com/subject/25724855/,沉歌,4.0,小演员没提名最佳男主角，一定是为了把小金人让给莱奥纳多。,2016-02-21 03:01:03,
https://movie.douban.com/subject/25724855/,亵渎电影,4.0,小男孩才是真正的主角，故事站在受害者的视角上，讲心理自救，母亲努力让儿子和同龄的孩子一样，故事选择了一个非常有趣的切入点，环境改变到内心改变，一切都以小男孩的情绪展开，很有难度，所幸小男孩的演技是奥斯卡级别的，剧本是模式化的类型片写法，前一个小时非常完美，拍的工工整整。★★★★,2015-12-17 13:57:07,
https://movie.douban.com/subject/25724855/,Fay Kellum,5.0,电影开场一个半小时：卧槽原来这孩子是男的！！！,2015-10-20 13:15:26,
https://movie.douban.com/subject/25724855/,麻绳,4.0,被偷走的岁月，被伤害的生命，被禁锢的灵魂，终将被希望和善意救赎。,2016-01-11 00:56:08,
https://movie.douban.com/subject/25724855/,傻乐的猫,5.0,Babadook 2.0.娘送我一颗烂掉的牙，我还娘一头秀发，这母子情的信物把那些男女，男男，女女，各种爱情全比得没影了。最爱的角色其实是奶奶的丈夫，是要多温柔善良的人才能耐心去慢慢抚平脆弱的小心灵。,2015-12-20 04:21:39,
https://movie.douban.com/subject/25724855/,欢乐分裂,4.0,3.5入；被小主角打动好多次，那个在成人眼里充满黑暗龌蹉的“房间”，却是他童年梦幻的乐园，可以和光影追逐，可以和家具嬉戏，孩子无穷的想象让密闭空间变得无穷大，前半部拍得既美丽又残酷；融入外界后线索较芜杂，没有处理好，“你又救了我一次”和告别仪式真催泪。,2016-01-05 22:57:32,
https://movie.douban.com/subject/25724855/,帕拉,4.0,用孩子视觉掩盖一个冰冷世界，第二次走出“房间”说byebye才真正的走出了房间。“我是个坏妈妈”“但你是妈妈”。世界险恶，但还是很美好的。故事不煽，依然感动。,2015-12-19 01:06:03,
https://movie.douban.com/subject/25724855/,匡轶歌,4.0,小童星的演技天分闪耀，令人惊叹，不是该给个表演奖的问题，是险些威胁了小李子。故事讲述了两次出逃：一次是物理性、空间性的；一次是精神性的“心牢”，说导演后半段跑题走偏的，大概心理预期只满足于看个惊悚片。原声音乐的作者是谁？中间高潮部分完全照搬<点球成金>的一段旋律，听得也是出戏。,2016-01-09 15:32:13,
https://movie.douban.com/subject/25724855/,心生,4.0,没想到是这样一个故事，小男孩扮演者雅各布·特伦布莱的表演实在太让人惊讶了！以小男孩的童趣视角来推进一个悲惨的故事，屋里屋外，成年与童真，既对立，又统一，“我本该高兴的啊”。最后小男孩跟那些物件告别的时候，太揪心了。但有一点不太通吧，施虐者为什么抛下了小男孩儿？,2016-01-18 00:53:28,
https://movie.douban.com/subject/25724855/,影志,5.0,“我们不知道自己喜欢什么，所以每样都试试…这世界上有那么多东西，有时候还很恐怖，但是没关系，因为还是你和我在一起…”缩小的房间，变大的世界，2015像《阳光小美女》一样的惊喜黑马之作。结尾和房间再见有强力泪点：“再见盆栽，再见椅子一号和二号，再见桌子，再见衣柜，再见水槽，再见天窗…”,2016-01-03 21:17:49,
https://movie.douban.com/subject/25724855/,艾小柯,4.0,克制而细腻，在基于母亲的事件论述和儿童视角中获得了平衡。前半部分和后面的节奏把握都很好，小演员的表演令人震惊，一个孩子的真实而纯洁的灵魂，大美。,2016-02-04 00:15:06,
https://movie.douban.com/subject/25724855/,Pirouette,5.0,女警察询问那段。。热血沸腾,2016-02-05 18:49:34,
https://movie.douban.com/subject/25724855/,同志亦凡人中文站,3.0,真人真事改编，可惜拍得流于表面了，完全没有被打动到。顶着锅盖说一句：小男孩演得其实比妈妈好...（第一次看女人在电影里素颜这么久）,2015-12-17 11:17:36,
https://movie.douban.com/subject/25724855/,黄青蕉,5.0,确实好电影，低成本，无炫技，本以为会很无聊，没想到俩小时里基本没有走神的时候,2016-03-01 10:27:01,
https://movie.douban.com/subject/25724855/,xīn,5.0,获救或创伤治疗的故事本身俗套，杰出之处是对那个孩子经验的世界的展示，我们都曾独有那个先验的经验主义的特异时空，却最终被这个符号的单一世界取代，有人温柔告别有人没有告别有人甚至忘了它的存在。问题不在于world解放了room，而是我们应该将room扩展至world，如果这真的是德勒兹的世纪。,2016-02-01 22:34:01,
